revision,interface_id,part_a,part_b,interface_type,nominal_dimension_a,nominal_dimension_b,clearance_interference,tolerance,standard_reference,assembly_method,tool,inspection_method,status
coupled-digital-validation-v0.5,IF-001,CUT-05 shaft journals,6004-2RS x4,bearing inner-ring fit,Ø20 h6,ID Ø20,transition/slip per received bearing,shaft 0/-0.013 mm,ISO 286-2; bearing maker data,press inner ring only; metal collars,micrometer + bearing heater/press,measure four journals and received bearing IDs,PASS_DIGITAL
coupled-digital-validation-v0.5,IF-002,6004-2RS x4,CUT-03 matched side plates,bearing outer-ring seat,OD Ø42,Ø42 H7,0/+0.025 mm nominal bore allowance,seat +0/+0.025 mm,ISO 286-2,press outer ring only,bore gauge + arbor press,report both seats/plate and centre distance,PASS_DIGITAL
coupled-digital-validation-v0.5,IF-003,6004-2RS,CUT-03/CUT-08,bearing axial retention,width 12,plate 12 + retainer 2,outer ring positively retained without seal contact,axial endplay 0.05–0.20 mm,6004 20×42×12,M4 retainer plate,feeler gauge + torque wrench,rotate freely after retainer torque,PASS_DIGITAL
coupled-digital-validation-v0.5,IF-004,CUT-05,CUT-02 spacers/CUT-01 discs,cutter stack bore,Ø20 h6,Ø20.2,0.20–0.23 mm diametral clearance,bore +0.05/0,internal project fit,keyed stack + metal shims/collars,micrometer + plug gauge,dry-stack hand slide and phase mark,PASS_DIGITAL
coupled-digital-validation-v0.5,IF-005,CUT-05,DRV-02 cutter hub,keyed shaft hub,Ø20 h6 + 6 mm key,Ø20 H7 + 6 P9 keyway,transition fit; no phase slip,hub bore H7,KS B 1311 / DIN 6885,clamping hub + key,micrometer + bore gauge,blue-check contact and witness-mark torque test,PASS_DIGITAL
coupled-digital-validation-v0.5,IF-006,DRV-02,#35 driven sprocket,bolt-on sprocket,PCD36 holes,matching PCD36 holes,face contact,PCD ±0.05 mm,ANSI B29.1 #35,bolted hub with prevailing nuts,caliper + torque wrench,radial runout ≤0.20 mm,PASS_DIGITAL
coupled-digital-validation-v0.5,IF-007,#35 chain,12T/30T or 36T sprockets,roller chain mesh,pitch 9.525 mm,pitch 9.525 mm,2–3% midspan slack,shaft parallelism ≤0.20/150,ANSI B29.1 #35,slotted DRV-01 tension adjustment,straightedge + ruler,hand-turn full revolution under guard-off lockout,PASS_DIGITAL
coupled-digital-validation-v0.5,IF-008,42GP-775 reference shaft,DRV-A42 adapter,motor shaft adapter,Ø10 class keyed/D-flat; verify variant,donor-specific measured bore,clamping fit; no set-screw-only torque path,adapter released after shaft measurement,supplier drawing controls,split-clamp adapter,micrometer + torque wrench,measure shaft diameter/flat/key and proof against adapter drawing,REFERENCE_VARIANT_VERIFY
coupled-digital-validation-v0.5,IF-009,DRV-03 keyed phase gear pair,CUT-05 shafts,phase synchronization and torque path,M3 Z16 20° face≥18; Ø20.2 + 6.2 keyway,Ø20 h6 shaft + common 6×6 key; centre distance 48.00,keyed torque path; backlash 0.15–0.35 mm target,centre distance ±0.03 mm; keyway width +0.10/0,ISO 54 involute module; DIN 6885/KS B 1311 key,common key + 2xM4 PCD30 clamp + Ø3 h6 dowel per gear,feeler/indicator + blue check,"seven-hook phase sweep, key contact and witness marks",PASS_DIGITAL
coupled-digital-validation-v0.5,IF-010,FM-GA-01 fixed axle,625-2RS x2,guide bearing inner-ring fit,Ø5 h6,ID Ø5,transition/slip per received bearing,shaft 0/-0.008 mm,625-2RS 5×16×5,inner rings located by metal collars,micrometer,free rotation without axial preload,PASS_DIGITAL
coupled-digital-validation-v0.5,IF-011,625-2RS x2,FM-GR-01 guide roller,guide bearing outer seats,OD Ø16,2× Ø16 H7 ×5.1 deep,0/+0.018 mm bore allowance,seat +0/+0.018 mm,ISO 286-2,press outer ring only into turned roller,small arbor press + bore gauge,seat depth and shoulder squareness,PASS_DIGITAL
coupled-digital-validation-v0.5,IF-012,FM-GA-01,PPR-C08 x2,fixed axle support,Ø5 h6,Ø5.2 printed/reamed,0.20–0.41 mm diametral clearance,bore +0.20/0 after coupon,project printed clearance,axle collars outside brackets,Ø5.2 reamer + hex key,axle passes both brackets without bending,PASS_DIGITAL
coupled-digital-validation-v0.5,IF-013,FM-AX-01,FM-RL-01/FM-PL-01,puller spindle,Ø8 h6,Ø8.2 bores,0.20–0.42 mm diametral clearance,matched plate axes ±0.05 mm,internal project fit,metal collars; donor drive one spindle,micrometer + pin gauge,roller TIR ≤0.05 mm,PASS_DIGITAL
coupled-digital-validation-v0.5,IF-014,SP-AX-01,SP-DA-01/SP-RL-01,dancer pivot/roller axle,Ø8 h6,Ø8.2,0.20–0.42 mm diametral clearance,bore +0.05/0,internal project fit,metal collars,micrometer + pin gauge,full -25…+25° sweep free,PASS_DIGITAL
coupled-digital-validation-v0.5,IF-015,donor traverse rods,PPR-C10,linear slide,Ø8 measured,Ø8.4 printed/reamed,0.40 mm nominal diametral clearance,selected by PPR-TC01 coupon,donor measurement,parallel rods + GT2 belt clamp,caliper + straightedge,80 mm stroke without bind,PASS_DIGITAL
coupled-digital-validation-v0.5,IF-016,SP-SH-01,6001-2RS x2,spool bearing inner fit,Ø12 h6,ID Ø12,transition/slip per received bearing,shaft 0/-0.011 mm,6001-2RS 12×28×8,inner-ring collars,micrometer,full-spool runout check,PASS_DIGITAL
coupled-digital-validation-v0.5,IF-017,6001-2RS,SP-BP-01,spool bearing outer support,OD Ø28,Ø28.2 through + metal retainer,0.20 mm diametral service clearance,bore +0.05/0,6001-2RS,metal washer/clip captures outer ring,bore gauge + torque wrench,outer ring cannot escape; rotates freely,PASS_DIGITAL
coupled-digital-validation-v0.5,IF-018,PPR-C09,SP-SH-01,spool cone,Ø12.2 printed bore,Ø12 h6 spindle,0.20–0.41 mm diametral clearance,coupon-selected,project printed clearance,M6 cross clamp; metal collar bears axial load,reamer + hex key,adapter slides and clamps without split,PASS_DIGITAL
coupled-digital-validation-v0.5,IF-019,EX-SCR-01 flight OD,EX-BAR-01 bore,screw radial clearance,Ø15.92 -0.02/0,Ø16.20 +0.02/0,0.14–0.16 mm radial,matched three-station report,RFQ drawing,matched supplier pair,micrometer + three-point bore gauge,B+20/B+140/B+260 clearance report,PASS_DIGITAL
coupled-digital-validation-v0.5,IF-020,EX-SCR-01 journals,thrust/drive bearings,screw support,Ø12 h6 / Ø15 h6,received bearing IDs,matched transition fit,TIR ≤0.03 mm,RFQ drawing + bearing data,metal thrust stack,micrometer + dial indicator,hand rotation and axial endplay Gate-3,PASS_DIGITAL
coupled-digital-validation-v0.5,IF-021,FD-MET-02 rotor,FD-MET-01 housing,metering rotor clearance,OD31.60 -0.05/0,ID32.00 nominal,0.20–0.225 mm radial,housing ID ±0.05 mm,internal project fit,removable rotor and collars,micrometer + bore gauge,hand rotation and Gate-2 feed coupon,PASS_DIGITAL
coupled-digital-validation-v0.5,IF-022,FD-MET-03 shaft,FD-MET-02 rotor,feeder shaft,Ø5 h8,Ø5.2,0.20 mm nominal diametral clearance,cross-pin/collars after donor measurement,internal project fit,removable pin/collars,micrometer + pin gauge,no rub through full revolution,PASS_DIGITAL
coupled-digital-validation-v0.5,IF-023,EX-BAR-01,HT-BAND-01 x3,band heater clamp,OD Ø34.00 ±0.05,ID Ø34.0 custom,zero-gap clamp contact,heater maker clamp range must include 33.95–34.05,custom mica band supplier drawing,split band clamp; no 35 mm substitution,micrometer + feeler,360° contact and cold insulation resistance,PASS_DIGITAL
coupled-digital-validation-v0.5,IF-024,EX-DIE-01,HT-CART-01,cartridge heater bore,Ø6.20 H9 through,heater Ø6.00,0.20–0.23 mm diametral running fit,bore +0/+0.030 mm,heater supplier drawing,anti-seize + positive axial clamp,pin gauge + megohmmeter,full insertion; no loose lead loading,PASS_DIGITAL
coupled-digital-validation-v0.5,IF-025,EX-BAR zones 1–3,TEMP-01..03,barrel thermocouple,Ø3.2 blind bore target,Ø3 mineral-insulated K probe,0.2 mm diametral clearance,tip within 1.5–2.0 mm of bore wall,IEC 60584 K-type,compression screw/washer,depth gauge + continuity meter,"probe reads barrel metal, not band surface",PASS_DIGITAL
coupled-digital-validation-v0.5,IF-026,EX-DIE-01,TEMP-04,die thermocouple,Ø3.2 blind bore,Ø3 K probe,0.2 mm diametral clearance,tip 2.0–3.0 mm from melt channel,IEC 60584 K-type,compression screw/washer,depth gauge + continuity meter,no intersection with Ø8 melt/heater channels,PASS_DIGITAL
coupled-digital-validation-v0.5,IF-027,FD-HOP-01 wall,HT-PTC-01 spreader,hopper maintenance heater,2 mm stainless wall,aluminum spreader + insulated PTC,full thermal-pad contact,electrically isolated; no polymer contact,supplier PTC data pending,clamped metal sandwich,megohmmeter + feeler,measure one PTC power and equilibrium temperature before fixing quantity,REFERENCE_POWER_MEASUREMENT_REQUIRED
coupled-digital-validation-v0.5,IF-028,M3 heat-set insert,PPR-C06/C11,printed insert bore,insert lot OD4.2/4.6,matching blind bore,coupon-selected interference,PPR-TC01 controls,insert supplier data,temperature-controlled press,coupon + pullout fixture,print and pull-test PPR-TC01 with actual insert lot,PHYSICAL_COUPON_PENDING
coupled-digital-validation-v0.5,IF-029,M4 heat-set insert,PPR-C01/PPR-C10,printed insert bore,insert lot OD4.6/5.6,matching blind bore,coupon-selected interference,PPR-TC01 controls,insert supplier data,temperature-controlled press,coupon + pullout fixture,print and pull-test PPR-TC01 with actual insert lot,PHYSICAL_COUPON_PENDING
coupled-digital-validation-v0.5,IF-030,M4/M5/M6 fasteners,printed/metal clearance holes,bolt clearance,actual fastener shank,Ø4.5/5.5/6.6,ISO normal clearance,drawing-specific,ISO 273,washer + metal nut/T-nut/rivnut,pin gauge + torque wrench,all bolts insert and reach full thread,PASS_DIGITAL
coupled-digital-validation-v0.5,IF-031,FD-TRN-01,FD-HOP-01/FD-MET-01,sealed feed sockets,OD32 tube,matching Ø32 sockets,>=8 mm engagement,leak path closed,project welded/clamped joint,TIG tack/weld or removable clamp,depth gauge,dry-flake leak/cleanability check,PASS_DIGITAL
coupled-digital-validation-v0.5,IF-032,PPR-C03 x4,FD-BIN-01 sheet,flake-bin corner channel,1.4 mm printed slot,1.0 mm sheet,0.4 mm nominal slot clearance,printed ±0.30 mm,project printed sheet joint,M3 fasteners + welded/folded sheet,feeler + visual,no inward dead pocket or burr,PASS_DIGITAL
