scenario,time_s,signal,value
LowSpeedTachShredder,0.0,der(filteredRpm),20.0
LowSpeedTachShredder,0.0,duplicateRejected,1.0
LowSpeedTachShredder,0.0,estimateErrorRpm,-5.0
LowSpeedTachShredder,0.0,filteredRpm,0.0
LowSpeedTachShredder,0.0,nominalPulseIntervalUs,2000000.0
LowSpeedTachShredder,0.0,observedPulseIntervalUs,2000000.0
LowSpeedTachShredder,0.0,pulseAgeUs,2000000.0
LowSpeedTachShredder,0.0,rawRpm,5.0
LowSpeedTachShredder,0.0,reciprocalMode,1.0
LowSpeedTachShredder,0.0,rolloverHandled,1.0
LowSpeedTachShredder,0.0,tachValid,1.0
LowSpeedTachShredder,0.0,timestampDeltaCorrectedUs,2000000.0
LowSpeedTachShredder,0.0,timestampDeltaSignedUs,2000000.0
LowSpeedTachShredder,4.95,der(filteredRpm),-3.883043930841268e-08
LowSpeedTachShredder,4.95,duplicateRejected,1.0
LowSpeedTachShredder,4.95,estimateErrorRpm,9.70760982710317e-09
LowSpeedTachShredder,4.95,filteredRpm,5.00000000970761
LowSpeedTachShredder,4.95,nominalPulseIntervalUs,2000000.0
LowSpeedTachShredder,4.95,observedPulseIntervalUs,2000000.0
LowSpeedTachShredder,4.95,pulseAgeUs,2000000.0
LowSpeedTachShredder,4.95,rawRpm,5.0
LowSpeedTachShredder,4.95,reciprocalMode,1.0
LowSpeedTachShredder,4.95,rolloverHandled,1.0
LowSpeedTachShredder,4.95,tachValid,1.0
LowSpeedTachShredder,4.95,timestampDeltaCorrectedUs,2000000.0
LowSpeedTachShredder,4.95,timestampDeltaSignedUs,2000000.0
LowSpeedTachShredder,9.95,der(filteredRpm),1.06403774680075e-11
LowSpeedTachShredder,9.95,duplicateRejected,1.0
LowSpeedTachShredder,9.95,estimateErrorRpm,-2.660094367001875e-12
LowSpeedTachShredder,9.95,filteredRpm,4.99999999999734
LowSpeedTachShredder,9.95,nominalPulseIntervalUs,2000000.0
LowSpeedTachShredder,9.95,observedPulseIntervalUs,2000000.0
LowSpeedTachShredder,9.95,pulseAgeUs,2000000.0
LowSpeedTachShredder,9.95,rawRpm,5.0
LowSpeedTachShredder,9.95,reciprocalMode,1.0
LowSpeedTachShredder,9.95,rolloverHandled,1.0
LowSpeedTachShredder,9.95,tachValid,1.0
LowSpeedTachShredder,9.95,timestampDeltaCorrectedUs,2000000.0
LowSpeedTachShredder,9.95,timestampDeltaSignedUs,2000000.0
LowSpeedTachShredder,15.0,der(filteredRpm),5.933031843596837e-13
LowSpeedTachShredder,15.0,duplicateRejected,1.0
LowSpeedTachShredder,15.0,estimateErrorRpm,-1.483257960899209e-13
LowSpeedTachShredder,15.0,filteredRpm,4.999999999999852
LowSpeedTachShredder,15.0,nominalPulseIntervalUs,2000000.0
LowSpeedTachShredder,15.0,observedPulseIntervalUs,2000000.0
LowSpeedTachShredder,15.0,pulseAgeUs,2000000.0
LowSpeedTachShredder,15.0,rawRpm,5.0
LowSpeedTachShredder,15.0,reciprocalMode,1.0
LowSpeedTachShredder,15.0,rolloverHandled,1.0
LowSpeedTachShredder,15.0,tachValid,1.0
LowSpeedTachShredder,15.0,timestampDeltaCorrectedUs,2000000.0
LowSpeedTachShredder,15.0,timestampDeltaSignedUs,2000000.0
LowSpeedTachShredder,20.0,der(filteredRpm),3.197442310920451e-14
LowSpeedTachShredder,20.0,duplicateRejected,1.0
LowSpeedTachShredder,20.0,estimateErrorRpm,-7.993605777301127e-15
LowSpeedTachShredder,20.0,filteredRpm,4.999999999999992
LowSpeedTachShredder,20.0,nominalPulseIntervalUs,2000000.0
LowSpeedTachShredder,20.0,observedPulseIntervalUs,2000000.0
LowSpeedTachShredder,20.0,pulseAgeUs,2000000.0
LowSpeedTachShredder,20.0,rawRpm,5.0
LowSpeedTachShredder,20.0,reciprocalMode,1.0
LowSpeedTachShredder,20.0,rolloverHandled,1.0
LowSpeedTachShredder,20.0,tachValid,1.0
LowSpeedTachShredder,20.0,timestampDeltaCorrectedUs,2000000.0
LowSpeedTachShredder,20.0,timestampDeltaSignedUs,2000000.0
LowSpeedTachScrew,0.0,der(filteredRpm),2.857142857142857
LowSpeedTachScrew,0.0,duplicateRejected,1.0
LowSpeedTachScrew,0.0,estimateErrorRpm,-1.0
LowSpeedTachScrew,0.0,filteredRpm,0.0
LowSpeedTachScrew,0.0,nominalPulseIntervalUs,5000000.0
LowSpeedTachScrew,0.0,observedPulseIntervalUs,5000000.0
LowSpeedTachScrew,0.0,pulseAgeUs,5000000.0
LowSpeedTachScrew,0.0,rawRpm,1.0
LowSpeedTachScrew,0.0,reciprocalMode,1.0
LowSpeedTachScrew,0.0,rolloverHandled,1.0
LowSpeedTachScrew,0.0,tachValid,1.0
LowSpeedTachScrew,0.0,timestampDeltaCorrectedUs,5000000.0
LowSpeedTachScrew,0.0,timestampDeltaSignedUs,5000000.0
LowSpeedTachScrew,4.95,der(filteredRpm),1.381624551908902e-06
LowSpeedTachScrew,4.95,duplicateRejected,1.0
LowSpeedTachScrew,4.95,estimateErrorRpm,-4.835685931681155e-07
LowSpeedTachScrew,4.95,filteredRpm,0.9999995164314068
LowSpeedTachScrew,4.95,nominalPulseIntervalUs,5000000.0
LowSpeedTachScrew,4.95,observedPulseIntervalUs,5000000.0
LowSpeedTachScrew,4.95,pulseAgeUs,5000000.0
LowSpeedTachScrew,4.95,rawRpm,1.0
LowSpeedTachScrew,4.95,reciprocalMode,1.0
LowSpeedTachScrew,4.95,rolloverHandled,1.0
LowSpeedTachScrew,4.95,tachValid,1.0
LowSpeedTachScrew,4.95,timestampDeltaCorrectedUs,5000000.0
LowSpeedTachScrew,4.95,timestampDeltaSignedUs,5000000.0
LowSpeedTachScrew,9.95,der(filteredRpm),-2.969375856309853e-09
LowSpeedTachScrew,9.95,duplicateRejected,1.0
LowSpeedTachScrew,9.95,estimateErrorRpm,1.039281549708448e-09
LowSpeedTachScrew,9.95,filteredRpm,1.000000001039282
LowSpeedTachScrew,9.95,nominalPulseIntervalUs,5000000.0
LowSpeedTachScrew,9.95,observedPulseIntervalUs,5000000.0
LowSpeedTachScrew,9.95,pulseAgeUs,5000000.0
LowSpeedTachScrew,9.95,rawRpm,1.0
LowSpeedTachScrew,9.95,reciprocalMode,1.0
LowSpeedTachScrew,9.95,rolloverHandled,1.0
LowSpeedTachScrew,9.95,tachValid,1.0
LowSpeedTachScrew,9.95,timestampDeltaCorrectedUs,5000000.0
LowSpeedTachScrew,9.95,timestampDeltaSignedUs,5000000.0
LowSpeedTachScrew,15.0,der(filteredRpm),-2.271801794303688e-10
LowSpeedTachScrew,15.0,duplicateRejected,1.0
LowSpeedTachScrew,15.0,estimateErrorRpm,7.951306280062909e-11
LowSpeedTachScrew,15.0,filteredRpm,1.000000000079513
LowSpeedTachScrew,15.0,nominalPulseIntervalUs,5000000.0
LowSpeedTachScrew,15.0,observedPulseIntervalUs,5000000.0
LowSpeedTachScrew,15.0,pulseAgeUs,5000000.0
LowSpeedTachScrew,15.0,rawRpm,1.0
LowSpeedTachScrew,15.0,reciprocalMode,1.0
LowSpeedTachScrew,15.0,rolloverHandled,1.0
LowSpeedTachScrew,15.0,tachValid,1.0
LowSpeedTachScrew,15.0,timestampDeltaCorrectedUs,5000000.0
LowSpeedTachScrew,15.0,timestampDeltaSignedUs,5000000.0
LowSpeedTachScrew,20.0,der(filteredRpm),-1.665588302200506e-11
LowSpeedTachScrew,20.0,duplicateRejected,1.0
LowSpeedTachScrew,20.0,estimateErrorRpm,5.829559057701772e-12
LowSpeedTachScrew,20.0,filteredRpm,1.00000000000583
LowSpeedTachScrew,20.0,nominalPulseIntervalUs,5000000.0
LowSpeedTachScrew,20.0,observedPulseIntervalUs,5000000.0
LowSpeedTachScrew,20.0,pulseAgeUs,5000000.0
LowSpeedTachScrew,20.0,rawRpm,1.0
LowSpeedTachScrew,20.0,reciprocalMode,1.0
LowSpeedTachScrew,20.0,rolloverHandled,1.0
LowSpeedTachScrew,20.0,tachValid,1.0
LowSpeedTachScrew,20.0,timestampDeltaCorrectedUs,5000000.0
LowSpeedTachScrew,20.0,timestampDeltaSignedUs,5000000.0
LowSpeedTachPuller,0.0,der(filteredRpm),4.0
LowSpeedTachPuller,0.0,duplicateRejected,1.0
LowSpeedTachPuller,0.0,estimateErrorRpm,-1.0
LowSpeedTachPuller,0.0,filteredRpm,0.0
LowSpeedTachPuller,0.0,nominalPulseIntervalUs,3000000.0
LowSpeedTachPuller,0.0,observedPulseIntervalUs,3000000.0
LowSpeedTachPuller,0.0,pulseAgeUs,3000000.0
LowSpeedTachPuller,0.0,rawRpm,1.0
LowSpeedTachPuller,0.0,reciprocalMode,1.0
LowSpeedTachPuller,0.0,rolloverHandled,1.0
LowSpeedTachPuller,0.0,tachValid,1.0
LowSpeedTachPuller,0.0,timestampDeltaCorrectedUs,3000000.0
LowSpeedTachPuller,0.0,timestampDeltaSignedUs,3000000.0
LowSpeedTachPuller,4.95,der(filteredRpm),-4.397035890946199e-08
LowSpeedTachPuller,4.95,duplicateRejected,1.0
LowSpeedTachPuller,4.95,estimateErrorRpm,1.09925897273655e-08
LowSpeedTachPuller,4.95,filteredRpm,1.00000001099259
LowSpeedTachPuller,4.95,nominalPulseIntervalUs,3000000.0
LowSpeedTachPuller,4.95,observedPulseIntervalUs,3000000.0
LowSpeedTachPuller,4.95,pulseAgeUs,3000000.0
LowSpeedTachPuller,4.95,rawRpm,1.0
LowSpeedTachPuller,4.95,reciprocalMode,1.0
LowSpeedTachPuller,4.95,rolloverHandled,1.0
LowSpeedTachPuller,4.95,tachValid,1.0
LowSpeedTachPuller,4.95,timestampDeltaCorrectedUs,3000000.0
LowSpeedTachPuller,4.95,timestampDeltaSignedUs,3000000.0
LowSpeedTachPuller,9.95,der(filteredRpm),1.205036070928145e-11
LowSpeedTachPuller,9.95,duplicateRejected,1.0
LowSpeedTachPuller,9.95,estimateErrorRpm,-3.012590177320362e-12
LowSpeedTachPuller,9.95,filteredRpm,0.9999999999969874
LowSpeedTachPuller,9.95,nominalPulseIntervalUs,3000000.0
LowSpeedTachPuller,9.95,observedPulseIntervalUs,3000000.0
LowSpeedTachPuller,9.95,pulseAgeUs,3000000.0
LowSpeedTachPuller,9.95,rawRpm,1.0
LowSpeedTachPuller,9.95,reciprocalMode,1.0
LowSpeedTachPuller,9.95,rolloverHandled,1.0
LowSpeedTachPuller,9.95,tachValid,1.0
LowSpeedTachPuller,9.95,timestampDeltaCorrectedUs,3000000.0
LowSpeedTachPuller,9.95,timestampDeltaSignedUs,3000000.0
LowSpeedTachPuller,15.0,der(filteredRpm),6.759037773917953e-13
LowSpeedTachPuller,15.0,duplicateRejected,1.0
LowSpeedTachPuller,15.0,estimateErrorRpm,-1.689759443479488e-13
LowSpeedTachPuller,15.0,filteredRpm,0.999999999999831
LowSpeedTachPuller,15.0,nominalPulseIntervalUs,3000000.0
LowSpeedTachPuller,15.0,observedPulseIntervalUs,3000000.0
LowSpeedTachPuller,15.0,pulseAgeUs,3000000.0
LowSpeedTachPuller,15.0,rawRpm,1.0
LowSpeedTachPuller,15.0,reciprocalMode,1.0
LowSpeedTachPuller,15.0,rolloverHandled,1.0
LowSpeedTachPuller,15.0,tachValid,1.0
LowSpeedTachPuller,15.0,timestampDeltaCorrectedUs,3000000.0
LowSpeedTachPuller,15.0,timestampDeltaSignedUs,3000000.0
LowSpeedTachPuller,20.0,der(filteredRpm),3.597122599785507e-14
LowSpeedTachPuller,20.0,duplicateRejected,1.0
LowSpeedTachPuller,20.0,estimateErrorRpm,-8.992806499463768e-15
LowSpeedTachPuller,20.0,filteredRpm,0.999999999999991
LowSpeedTachPuller,20.0,nominalPulseIntervalUs,3000000.0
LowSpeedTachPuller,20.0,observedPulseIntervalUs,3000000.0
LowSpeedTachPuller,20.0,pulseAgeUs,3000000.0
LowSpeedTachPuller,20.0,rawRpm,1.0
LowSpeedTachPuller,20.0,reciprocalMode,1.0
LowSpeedTachPuller,20.0,rolloverHandled,1.0
LowSpeedTachPuller,20.0,tachValid,1.0
LowSpeedTachPuller,20.0,timestampDeltaCorrectedUs,3000000.0
LowSpeedTachPuller,20.0,timestampDeltaSignedUs,3000000.0
LowSpeedTachSpooler,0.0,der(filteredRpm),1.666666666666667
LowSpeedTachSpooler,0.0,duplicateRejected,1.0
LowSpeedTachSpooler,0.0,estimateErrorRpm,-0.5
LowSpeedTachSpooler,0.0,filteredRpm,0.0
LowSpeedTachSpooler,0.0,nominalPulseIntervalUs,6000000.0
LowSpeedTachSpooler,0.0,observedPulseIntervalUs,6000000.0
LowSpeedTachSpooler,0.0,pulseAgeUs,6000000.0
LowSpeedTachSpooler,0.0,rawRpm,0.5
LowSpeedTachSpooler,0.0,reciprocalMode,1.0
LowSpeedTachSpooler,0.0,rolloverHandled,1.0
LowSpeedTachSpooler,0.0,tachValid,1.0
LowSpeedTachSpooler,0.0,timestampDeltaCorrectedUs,6000000.0
LowSpeedTachSpooler,0.0,timestampDeltaSignedUs,6000000.0
LowSpeedTachSpooler,4.95,der(filteredRpm),-1.354558779957197e-07
LowSpeedTachSpooler,4.95,duplicateRejected,1.0
LowSpeedTachSpooler,4.95,estimateErrorRpm,4.063676339871591e-08
LowSpeedTachSpooler,4.95,filteredRpm,0.5000000406367634
LowSpeedTachSpooler,4.95,nominalPulseIntervalUs,6000000.0
LowSpeedTachSpooler,4.95,observedPulseIntervalUs,6000000.0
LowSpeedTachSpooler,4.95,pulseAgeUs,6000000.0
LowSpeedTachSpooler,4.95,rawRpm,0.5
LowSpeedTachSpooler,4.95,reciprocalMode,1.0
LowSpeedTachSpooler,4.95,rolloverHandled,1.0
LowSpeedTachSpooler,4.95,tachValid,1.0
LowSpeedTachSpooler,4.95,timestampDeltaCorrectedUs,6000000.0
LowSpeedTachSpooler,4.95,timestampDeltaSignedUs,6000000.0
LowSpeedTachSpooler,9.95,der(filteredRpm),2.201525443427481e-09
LowSpeedTachSpooler,9.95,duplicateRejected,1.0
LowSpeedTachSpooler,9.95,estimateErrorRpm,-6.604576330282441e-10
LowSpeedTachSpooler,9.95,filteredRpm,0.4999999993395424
LowSpeedTachSpooler,9.95,nominalPulseIntervalUs,6000000.0
LowSpeedTachSpooler,9.95,observedPulseIntervalUs,6000000.0
LowSpeedTachSpooler,9.95,pulseAgeUs,6000000.0
LowSpeedTachSpooler,9.95,rawRpm,0.5
LowSpeedTachSpooler,9.95,reciprocalMode,1.0
LowSpeedTachSpooler,9.95,rolloverHandled,1.0
LowSpeedTachSpooler,9.95,tachValid,1.0
LowSpeedTachSpooler,9.95,timestampDeltaCorrectedUs,6000000.0
LowSpeedTachSpooler,9.95,timestampDeltaSignedUs,6000000.0
LowSpeedTachSpooler,15.0,der(filteredRpm),1.462698480854859e-10
LowSpeedTachSpooler,15.0,duplicateRejected,1.0
LowSpeedTachSpooler,15.0,estimateErrorRpm,-4.388095442564577e-11
LowSpeedTachSpooler,15.0,filteredRpm,0.499999999956119
LowSpeedTachSpooler,15.0,nominalPulseIntervalUs,6000000.0
LowSpeedTachSpooler,15.0,observedPulseIntervalUs,6000000.0
LowSpeedTachSpooler,15.0,pulseAgeUs,6000000.0
LowSpeedTachSpooler,15.0,rawRpm,0.5
LowSpeedTachSpooler,15.0,reciprocalMode,1.0
LowSpeedTachSpooler,15.0,rolloverHandled,1.0
LowSpeedTachSpooler,15.0,tachValid,1.0
LowSpeedTachSpooler,15.0,timestampDeltaCorrectedUs,6000000.0
LowSpeedTachSpooler,15.0,timestampDeltaSignedUs,6000000.0
LowSpeedTachSpooler,20.0,der(filteredRpm),9.293861976307957e-12
LowSpeedTachSpooler,20.0,duplicateRejected,1.0
LowSpeedTachSpooler,20.0,estimateErrorRpm,-2.788158592892387e-12
LowSpeedTachSpooler,20.0,filteredRpm,0.4999999999972118
LowSpeedTachSpooler,20.0,nominalPulseIntervalUs,6000000.0
LowSpeedTachSpooler,20.0,observedPulseIntervalUs,6000000.0
LowSpeedTachSpooler,20.0,pulseAgeUs,6000000.0
LowSpeedTachSpooler,20.0,rawRpm,0.5
LowSpeedTachSpooler,20.0,reciprocalMode,1.0
LowSpeedTachSpooler,20.0,rolloverHandled,1.0
LowSpeedTachSpooler,20.0,tachValid,1.0
LowSpeedTachSpooler,20.0,timestampDeltaCorrectedUs,6000000.0
LowSpeedTachSpooler,20.0,timestampDeltaSignedUs,6000000.0
TachJitter,0.0,der(filteredRpm),30.0
TachJitter,0.0,duplicateRejected,1.0
TachJitter,0.0,estimateErrorRpm,-16.0
TachJitter,0.0,filteredRpm,0.0
TachJitter,0.0,nominalPulseIntervalUs,312500.0
TachJitter,0.0,observedPulseIntervalUs,337500.0
TachJitter,0.0,pulseAgeUs,312500.0
TachJitter,0.0,rawRpm,14.81481481481481
TachJitter,0.0,reciprocalMode,1.0
TachJitter,0.0,rolloverHandled,1.0
TachJitter,0.0,tachValid,1.0
TachJitter,0.0,timestampDeltaCorrectedUs,337500.0
TachJitter,0.0,timestampDeltaSignedUs,337500.0
TachJitter,4.95,der(filteredRpm),2.275668183163557e-05
TachJitter,4.95,duplicateRejected,1.0
TachJitter,4.95,estimateErrorRpm,-1.185193150023826
TachJitter,4.95,filteredRpm,14.81480684997617
TachJitter,4.95,nominalPulseIntervalUs,312500.0
TachJitter,4.95,observedPulseIntervalUs,337500.0
TachJitter,4.95,pulseAgeUs,312500.0
TachJitter,4.95,rawRpm,14.81481481481481
TachJitter,4.95,reciprocalMode,1.0
TachJitter,4.95,rolloverHandled,1.0
TachJitter,4.95,tachValid,1.0
TachJitter,4.95,timestampDeltaCorrectedUs,337500.0
TachJitter,4.95,timestampDeltaSignedUs,337500.0
TachJitter,9.95,der(filteredRpm),-4.877533297888346e-08
TachJitter,9.95,duplicateRejected,1.0
TachJitter,9.95,estimateErrorRpm,-1.185185168113819
TachJitter,9.95,filteredRpm,14.81481483188618
TachJitter,9.95,nominalPulseIntervalUs,312500.0
TachJitter,9.95,observedPulseIntervalUs,337500.0
TachJitter,9.95,pulseAgeUs,312500.0
TachJitter,9.95,rawRpm,14.81481481481481
TachJitter,9.95,reciprocalMode,1.0
TachJitter,9.95,rolloverHandled,1.0
TachJitter,9.95,tachValid,1.0
TachJitter,9.95,timestampDeltaCorrectedUs,337500.0
TachJitter,9.95,timestampDeltaSignedUs,337500.0
TachJitter,15.0,der(filteredRpm),-3.73168924332796e-09
TachJitter,15.0,duplicateRejected,1.0
TachJitter,15.0,estimateErrorRpm,-1.185185183879094
TachJitter,15.0,filteredRpm,14.81481481612091
TachJitter,15.0,nominalPulseIntervalUs,312500.0
TachJitter,15.0,observedPulseIntervalUs,337500.0
TachJitter,15.0,pulseAgeUs,312500.0
TachJitter,15.0,rawRpm,14.81481481481481
TachJitter,15.0,reciprocalMode,1.0
TachJitter,15.0,rolloverHandled,1.0
TachJitter,15.0,tachValid,1.0
TachJitter,15.0,timestampDeltaCorrectedUs,337500.0
TachJitter,15.0,timestampDeltaSignedUs,337500.0
TachJitter,20.0,der(filteredRpm),-2.735894050991712e-10
TachJitter,20.0,duplicateRejected,1.0
TachJitter,20.0,estimateErrorRpm,-1.185185185089429
TachJitter,20.0,filteredRpm,14.81481481491057
TachJitter,20.0,nominalPulseIntervalUs,312500.0
TachJitter,20.0,observedPulseIntervalUs,337500.0
TachJitter,20.0,pulseAgeUs,312500.0
TachJitter,20.0,rawRpm,14.81481481481481
TachJitter,20.0,reciprocalMode,1.0
TachJitter,20.0,rolloverHandled,1.0
TachJitter,20.0,tachValid,1.0
TachJitter,20.0,timestampDeltaCorrectedUs,337500.0
TachJitter,20.0,timestampDeltaSignedUs,337500.0
TachMissingPulse,0.0,der(filteredRpm),23.64
TachMissingPulse,0.0,duplicateRejected,1.0
TachMissingPulse,0.0,estimateErrorRpm,-5.91
TachMissingPulse,0.0,filteredRpm,0.0
TachMissingPulse,0.0,nominalPulseIntervalUs,507614.2131979695
TachMissingPulse,0.0,observedPulseIntervalUs,507614.2131979695
TachMissingPulse,0.0,pulseAgeUs,507614.2131979695
TachMissingPulse,0.0,rawRpm,5.91
TachMissingPulse,0.0,reciprocalMode,1.0
TachMissingPulse,0.0,rolloverHandled,1.0
TachMissingPulse,0.0,tachValid,1.0
TachMissingPulse,0.0,timestampDeltaCorrectedUs,507614.2131979695
TachMissingPulse,0.0,timestampDeltaSignedUs,507614.2131979695
TachMissingPulse,4.95,der(filteredRpm),-0.2644388961474675
TachMissingPulse,4.95,duplicateRejected,1.0
TachMissingPulse,4.95,estimateErrorRpm,-2.888890275963133
TachMissingPulse,4.95,filteredRpm,3.021109724036867
TachMissingPulse,4.95,nominalPulseIntervalUs,507614.2131979695
TachMissingPulse,4.95,observedPulseIntervalUs,1015228.426395939
TachMissingPulse,4.95,pulseAgeUs,1015228.426395939
TachMissingPulse,4.95,rawRpm,2.955
TachMissingPulse,4.95,reciprocalMode,1.0
TachMissingPulse,4.95,rolloverHandled,1.0
TachMissingPulse,4.95,tachValid,1.0
TachMissingPulse,4.95,timestampDeltaCorrectedUs,1015228.426395939
TachMissingPulse,4.95,timestampDeltaSignedUs,1015228.426395939
TachMissingPulse,9.95,der(filteredRpm),2.570675803781342e-06
TachMissingPulse,9.95,duplicateRejected,1.0
TachMissingPulse,9.95,estimateErrorRpm,-6.426689509453354e-07
TachMissingPulse,9.95,filteredRpm,5.909999357331049
TachMissingPulse,9.95,nominalPulseIntervalUs,507614.2131979695
TachMissingPulse,9.95,observedPulseIntervalUs,507614.2131979695
TachMissingPulse,9.95,pulseAgeUs,507614.2131979695
TachMissingPulse,9.95,rawRpm,5.91
TachMissingPulse,9.95,reciprocalMode,1.0
TachMissingPulse,9.95,rolloverHandled,1.0
TachMissingPulse,9.95,tachValid,1.0
TachMissingPulse,9.95,timestampDeltaCorrectedUs,507614.2131979695
TachMissingPulse,9.95,timestampDeltaSignedUs,507614.2131979695
TachMissingPulse,15.0,der(filteredRpm),-9.30234378415662e-09
TachMissingPulse,15.0,duplicateRejected,1.0
TachMissingPulse,15.0,estimateErrorRpm,2.325585946039155e-09
TachMissingPulse,15.0,filteredRpm,5.910000002325586
TachMissingPulse,15.0,nominalPulseIntervalUs,507614.2131979695
TachMissingPulse,15.0,observedPulseIntervalUs,507614.2131979695
TachMissingPulse,15.0,pulseAgeUs,507614.2131979695
TachMissingPulse,15.0,rawRpm,5.91
TachMissingPulse,15.0,reciprocalMode,1.0
TachMissingPulse,15.0,rolloverHandled,1.0
TachMissingPulse,15.0,tachValid,1.0
TachMissingPulse,15.0,timestampDeltaCorrectedUs,507614.2131979695
TachMissingPulse,15.0,timestampDeltaSignedUs,507614.2131979695
TachMissingPulse,20.0,der(filteredRpm),-6.075921987758193e-10
TachMissingPulse,20.0,duplicateRejected,1.0
TachMissingPulse,20.0,estimateErrorRpm,1.518980496939548e-10
TachMissingPulse,20.0,filteredRpm,5.910000000151898
TachMissingPulse,20.0,nominalPulseIntervalUs,507614.2131979695
TachMissingPulse,20.0,observedPulseIntervalUs,507614.2131979695
TachMissingPulse,20.0,pulseAgeUs,507614.2131979695
TachMissingPulse,20.0,rawRpm,5.91
TachMissingPulse,20.0,reciprocalMode,1.0
TachMissingPulse,20.0,rolloverHandled,1.0
TachMissingPulse,20.0,tachValid,1.0
TachMissingPulse,20.0,timestampDeltaCorrectedUs,507614.2131979695
TachMissingPulse,20.0,timestampDeltaSignedUs,507614.2131979695
TachRollover,0.0,der(filteredRpm),120.0
TachRollover,0.0,duplicateRejected,1.0
TachRollover,0.0,estimateErrorRpm,-32.0
TachRollover,0.0,filteredRpm,0.0
TachRollover,0.0,nominalPulseIntervalUs,312500.0
TachRollover,0.0,observedPulseIntervalUs,312500.0
TachRollover,0.0,pulseAgeUs,312500.0
TachRollover,0.0,rawRpm,32.0
TachRollover,0.0,reciprocalMode,1.0
TachRollover,0.0,rolloverHandled,1.0
TachRollover,0.0,tachValid,1.0
TachRollover,0.0,timestampDeltaCorrectedUs,312500.0
TachRollover,0.0,timestampDeltaSignedUs,-4294654796.0
TachRollover,4.95,der(filteredRpm),-3.76608113583643e-08
TachRollover,4.95,duplicateRejected,1.0
TachRollover,4.95,estimateErrorRpm,9.415202839591075e-09
TachRollover,4.95,filteredRpm,32.0000000094152
TachRollover,4.95,nominalPulseIntervalUs,312500.0
TachRollover,4.95,observedPulseIntervalUs,312500.0
TachRollover,4.95,pulseAgeUs,312500.0
TachRollover,4.95,rawRpm,32.0
TachRollover,4.95,reciprocalMode,1.0
TachRollover,4.95,rolloverHandled,1.0
TachRollover,4.95,tachValid,1.0
TachRollover,4.95,timestampDeltaCorrectedUs,312500.0
TachRollover,4.95,timestampDeltaSignedUs,-4294654796.0
TachRollover,9.95,der(filteredRpm),1.031708052323665e-11
TachRollover,9.95,duplicateRejected,1.0
TachRollover,9.95,estimateErrorRpm,-2.579270130809164e-12
TachRollover,9.95,filteredRpm,31.99999999999742
TachRollover,9.95,nominalPulseIntervalUs,312500.0
TachRollover,9.95,observedPulseIntervalUs,312500.0
TachRollover,9.95,pulseAgeUs,312500.0
TachRollover,9.95,rawRpm,32.0
TachRollover,9.95,reciprocalMode,1.0
TachRollover,9.95,rolloverHandled,1.0
TachRollover,9.95,tachValid,1.0
TachRollover,9.95,timestampDeltaCorrectedUs,312500.0
TachRollover,9.95,timestampDeltaSignedUs,-4294654796.0
TachRollover,15.0,der(filteredRpm),5.826450433232822e-13
TachRollover,15.0,duplicateRejected,1.0
TachRollover,15.0,estimateErrorRpm,-1.456612608308205e-13
TachRollover,15.0,filteredRpm,31.99999999999985
TachRollover,15.0,nominalPulseIntervalUs,312500.0
TachRollover,15.0,observedPulseIntervalUs,312500.0
TachRollover,15.0,pulseAgeUs,312500.0
TachRollover,15.0,rawRpm,32.0
TachRollover,15.0,reciprocalMode,1.0
TachRollover,15.0,rolloverHandled,1.0
TachRollover,15.0,tachValid,1.0
TachRollover,15.0,timestampDeltaCorrectedUs,312500.0
TachRollover,15.0,timestampDeltaSignedUs,-4294654796.0
TachRollover,20.0,der(filteredRpm),4.263256414560601e-14
TachRollover,20.0,duplicateRejected,1.0
TachRollover,20.0,estimateErrorRpm,-1.06581410364015e-14
TachRollover,20.0,filteredRpm,31.99999999999999
TachRollover,20.0,nominalPulseIntervalUs,312500.0
TachRollover,20.0,observedPulseIntervalUs,312500.0
TachRollover,20.0,pulseAgeUs,312500.0
TachRollover,20.0,rawRpm,32.0
TachRollover,20.0,reciprocalMode,1.0
TachRollover,20.0,rolloverHandled,1.0
TachRollover,20.0,tachValid,1.0
TachRollover,20.0,timestampDeltaCorrectedUs,312500.0
TachRollover,20.0,timestampDeltaSignedUs,-4294654796.0
ShredderClosedLoopLoadStep,0.0,actualRpm,0.0
ShredderClosedLoopLoadStep,0.0,appliedLoadRpm,0.0
ShredderClosedLoopLoadStep,0.0,bearingLoadN,800.0
ShredderClosedLoopLoadStep,0.0,chainForceN,250.0
ShredderClosedLoopLoadStep,0.0,commandRpm,80.0
ShredderClosedLoopLoadStep,0.0,continuousRegion,1.0
ShredderClosedLoopLoadStep,0.0,controlledRundown,0.0
ShredderClosedLoopLoadStep,0.0,cutterTorqueNm,12.0
ShredderClosedLoopLoadStep,0.0,der(actualRpm),177.7777777777778
ShredderClosedLoopLoadStep,0.0,der(speedIntegrator),24.32
ShredderClosedLoopLoadStep,0.0,phaseTorqueNm,8.0
ShredderClosedLoopLoadStep,0.0,pwmFraction,1.0
ShredderClosedLoopLoadStep,0.0,saturated,1.0
ShredderClosedLoopLoadStep,0.0,speedErrorRpm,32.0
ShredderClosedLoopLoadStep,0.0,speedIntegrator,0.0
ShredderClosedLoopLoadStep,0.0,tachValid,1.0
ShredderClosedLoopLoadStep,0.0,unconstrainedCommandRpm,89.6
ShredderClosedLoopLoadStep,4.9,actualRpm,30.91462072819301
ShredderClosedLoopLoadStep,4.9,appliedLoadRpm,5.0
ShredderClosedLoopLoadStep,4.9,bearingLoadN,1856.544175556756
ShredderClosedLoopLoadStep,4.9,chainForceN,602.7336257714462
ShredderClosedLoopLoadStep,4.9,commandRpm,36.11271955239397
ShredderClosedLoopLoadStep,4.9,continuousRegion,1.0
ShredderClosedLoopLoadStep,4.9,controlledRundown,0.0
ShredderClosedLoopLoadStep,4.9,cutterTorqueNm,21.99375000440007
ShredderClosedLoopLoadStep,4.9,der(actualRpm),0.4402196093354623
ShredderClosedLoopLoadStep,4.9,der(speedIntegrator),1.085379271806989
ShredderClosedLoopLoadStep,4.9,phaseTorqueNm,20.00049692324236
ShredderClosedLoopLoadStep,4.9,pwmFraction,0.533697645244186
ShredderClosedLoopLoadStep,4.9,saturated,0.0
ShredderClosedLoopLoadStep,4.9,speedErrorRpm,1.085379271806989
ShredderClosedLoopLoadStep,4.9,speedIntegrator,1.799197385951155
ShredderClosedLoopLoadStep,4.9,tachValid,1.0
ShredderClosedLoopLoadStep,4.9,unconstrainedCommandRpm,36.11271955239397
ShredderClosedLoopLoadStep,9.9,actualRpm,32.76202551669147
ShredderClosedLoopLoadStep,9.9,appliedLoadRpm,0.0
ShredderClosedLoopLoadStep,9.9,bearingLoadN,800.0
ShredderClosedLoopLoadStep,9.9,chainForceN,250.0
ShredderClosedLoopLoadStep,9.9,commandRpm,32.60333953317605
ShredderClosedLoopLoadStep,9.9,continuousRegion,1.0
ShredderClosedLoopLoadStep,9.9,controlledRundown,0.0
ShredderClosedLoopLoadStep,9.9,cutterTorqueNm,12.0
ShredderClosedLoopLoadStep,9.9,der(actualRpm),-0.3526355189231367
ShredderClosedLoopLoadStep,9.9,der(speedIntegrator),-0.762025516691466
ShredderClosedLoopLoadStep,9.9,phaseTorqueNm,8.0
ShredderClosedLoopLoadStep,9.9,pwmFraction,0.4964104825399955
ShredderClosedLoopLoadStep,9.9,saturated,0.0
ShredderClosedLoopLoadStep,9.9,speedErrorRpm,-0.762025516691466
ShredderClosedLoopLoadStep,9.9,speedIntegrator,1.645821219350576
ShredderClosedLoopLoadStep,9.9,tachValid,1.0
ShredderClosedLoopLoadStep,9.9,unconstrainedCommandRpm,32.60333953317605
ShredderClosedLoopLoadStep,15.0,actualRpm,32.07185179701496
ShredderClosedLoopLoadStep,15.0,appliedLoadRpm,0.0
ShredderClosedLoopLoadStep,15.0,bearingLoadN,800.0
ShredderClosedLoopLoadStep,15.0,chainForceN,250.0
ShredderClosedLoopLoadStep,15.0,commandRpm,32.05688057820017
ShredderClosedLoopLoadStep,15.0,continuousRegion,1.0
ShredderClosedLoopLoadStep,15.0,controlledRundown,0.0
ShredderClosedLoopLoadStep,15.0,cutterTorqueNm,12.0
ShredderClosedLoopLoadStep,15.0,der(actualRpm),-0.03326937514396869
ShredderClosedLoopLoadStep,15.0,der(speedIntegrator),-0.0718517970149577
ShredderClosedLoopLoadStep,15.0,phaseTorqueNm,8.0
ShredderClosedLoopLoadStep,15.0,pwmFraction,0.4906043561433768
ShredderClosedLoopLoadStep,15.0,saturated,0.0
ShredderClosedLoopLoadStep,15.0,speedErrorRpm,-0.0718517970149577
ShredderClosedLoopLoadStep,15.0,speedIntegrator,0.1551781773559122
ShredderClosedLoopLoadStep,15.0,tachValid,1.0
ShredderClosedLoopLoadStep,15.0,unconstrainedCommandRpm,32.05688057820017
ShredderClosedLoopLoadStep,20.0,actualRpm,32.00709577004103
ShredderClosedLoopLoadStep,20.0,appliedLoadRpm,0.0
ShredderClosedLoopLoadStep,20.0,bearingLoadN,800.0
ShredderClosedLoopLoadStep,20.0,chainForceN,250.0
ShredderClosedLoopLoadStep,20.0,commandRpm,32.00561727738508
ShredderClosedLoopLoadStep,20.0,continuousRegion,1.0
ShredderClosedLoopLoadStep,20.0,controlledRundown,0.0
ShredderClosedLoopLoadStep,20.0,cutterTorqueNm,12.0
ShredderClosedLoopLoadStep,20.0,der(actualRpm),-0.003285539235425479
ShredderClosedLoopLoadStep,20.0,der(speedIntegrator),-0.007095770041026128
ShredderClosedLoopLoadStep,20.0,phaseTorqueNm,8.0
ShredderClosedLoopLoadStep,20.0,pwmFraction,0.4900596835722165
ShredderClosedLoopLoadStep,20.0,saturated,0.0
ShredderClosedLoopLoadStep,20.0,speedErrorRpm,-0.007095770041026128
ShredderClosedLoopLoadStep,20.0,speedIntegrator,0.01532471954911221
ShredderClosedLoopLoadStep,20.0,tachValid,1.0
ShredderClosedLoopLoadStep,20.0,unconstrainedCommandRpm,32.00561727738508
ScrewClosedLoopPressureStep,0.0,actualRpm,0.0
ScrewClosedLoopPressureStep,0.0,appliedLoadRpm,0.0
ScrewClosedLoopPressureStep,0.0,bearingLoadN,800.0
ScrewClosedLoopPressureStep,0.0,chainForceN,250.0
ScrewClosedLoopPressureStep,0.0,commandRpm,25.0
ScrewClosedLoopPressureStep,0.0,continuousRegion,1.0
ScrewClosedLoopPressureStep,0.0,controlledRundown,0.0
ScrewClosedLoopPressureStep,0.0,cutterTorqueNm,12.0
ScrewClosedLoopPressureStep,0.0,der(actualRpm),55.55555555555556
ScrewClosedLoopPressureStep,0.0,der(speedIntegrator),0.1600000000000019
ScrewClosedLoopPressureStep,0.0,phaseTorqueNm,8.0
ScrewClosedLoopPressureStep,0.0,pwmFraction,1.0
ScrewClosedLoopPressureStep,0.0,saturated,1.0
ScrewClosedLoopPressureStep,0.0,speedErrorRpm,16.0
ScrewClosedLoopPressureStep,0.0,speedIntegrator,0.0
ScrewClosedLoopPressureStep,0.0,tachValid,1.0
ScrewClosedLoopPressureStep,0.0,unconstrainedCommandRpm,44.8
ScrewClosedLoopPressureStep,4.9,actualRpm,15.54188676581877
ScrewClosedLoopPressureStep,4.9,appliedLoadRpm,2.0
ScrewClosedLoopPressureStep,4.9,bearingLoadN,1856.544175556756
ScrewClosedLoopPressureStep,4.9,chainForceN,602.7336257714462
ScrewClosedLoopPressureStep,4.9,commandRpm,17.62611703232722
ScrewClosedLoopPressureStep,4.9,continuousRegion,1.0
ScrewClosedLoopPressureStep,4.9,controlledRundown,0.0
ScrewClosedLoopPressureStep,4.9,cutterTorqueNm,21.99375000440007
ScrewClosedLoopPressureStep,4.9,der(actualRpm),0.1871783700187753
ScrewClosedLoopPressureStep,4.9,der(speedIntegrator),0.4581132341812264
ScrewClosedLoopPressureStep,4.9,phaseTorqueNm,20.00049692324236
ScrewClosedLoopPressureStep,4.9,pwmFraction,0.7492879790991256
ScrewClosedLoopPressureStep,4.9,saturated,0.0
ScrewClosedLoopPressureStep,4.9,speedErrorRpm,0.4581132341812264
ScrewClosedLoopPressureStep,4.9,speedIntegrator,0.667927675667513
ScrewClosedLoopPressureStep,4.9,tachValid,1.0
ScrewClosedLoopPressureStep,4.9,unconstrainedCommandRpm,17.62611703232722
ScrewClosedLoopPressureStep,9.9,actualRpm,16.30244542858111
ScrewClosedLoopPressureStep,9.9,appliedLoadRpm,0.0
ScrewClosedLoopPressureStep,9.9,bearingLoadN,800.0
ScrewClosedLoopPressureStep,9.9,chainForceN,250.0
ScrewClosedLoopPressureStep,9.9,commandRpm,16.23946217822267
ScrewClosedLoopPressureStep,9.9,continuousRegion,1.0
ScrewClosedLoopPressureStep,9.9,controlledRundown,0.0
ScrewClosedLoopPressureStep,9.9,cutterTorqueNm,12.0
ScrewClosedLoopPressureStep,9.9,der(actualRpm),-0.1399627785743244
ScrewClosedLoopPressureStep,9.9,der(speedIntegrator),-0.3024454285811125
ScrewClosedLoopPressureStep,9.9,phaseTorqueNm,8.0
ScrewClosedLoopPressureStep,9.9,pwmFraction,0.7021417140595707
ScrewClosedLoopPressureStep,9.9,saturated,0.0
ScrewClosedLoopPressureStep,9.9,speedErrorRpm,-0.3024454285811125
ScrewClosedLoopPressureStep,9.9,speedIntegrator,0.6532199580572232
ScrewClosedLoopPressureStep,9.9,tachValid,1.0
ScrewClosedLoopPressureStep,9.9,unconstrainedCommandRpm,16.23946217822267
ScrewClosedLoopPressureStep,15.0,actualRpm,16.02851808592447
ScrewClosedLoopPressureStep,15.0,appliedLoadRpm,0.0
ScrewClosedLoopPressureStep,15.0,bearingLoadN,800.0
ScrewClosedLoopPressureStep,15.0,chainForceN,250.0
ScrewClosedLoopPressureStep,15.0,commandRpm,16.02257602301864
ScrewClosedLoopPressureStep,15.0,continuousRegion,1.0
ScrewClosedLoopPressureStep,15.0,controlledRundown,0.0
ScrewClosedLoopPressureStep,15.0,cutterTorqueNm,12.0
ScrewClosedLoopPressureStep,15.0,der(actualRpm),-0.01320458423518763
ScrewClosedLoopPressureStep,15.0,der(speedIntegrator),-0.02851808592447469
ScrewClosedLoopPressureStep,15.0,phaseTorqueNm,8.0
ScrewClosedLoopPressureStep,15.0,pwmFraction,0.6947675847826338
ScrewClosedLoopPressureStep,15.0,saturated,0.0
ScrewClosedLoopPressureStep,15.0,speedErrorRpm,-0.02851808592447469
ScrewClosedLoopPressureStep,15.0,speedIntegrator,0.06159048140224496
ScrewClosedLoopPressureStep,15.0,tachValid,1.0
ScrewClosedLoopPressureStep,15.0,unconstrainedCommandRpm,16.02257602301864
ScrewClosedLoopPressureStep,20.0,actualRpm,16.00281642321552
ScrewClosedLoopPressureStep,20.0,appliedLoadRpm,0.0
ScrewClosedLoopPressureStep,20.0,bearingLoadN,800.0
ScrewClosedLoopPressureStep,20.0,chainForceN,250.0
ScrewClosedLoopPressureStep,20.0,commandRpm,16.00222958751845
ScrewClosedLoopPressureStep,20.0,continuousRegion,1.0
ScrewClosedLoopPressureStep,20.0,controlledRundown,0.0
ScrewClosedLoopPressureStep,20.0,cutterTorqueNm,12.0
ScrewClosedLoopPressureStep,20.0,der(actualRpm),-0.001304079326824118
ScrewClosedLoopPressureStep,20.0,der(speedIntegrator),-0.002816423215517005
ScrewClosedLoopPressureStep,20.0,phaseTorqueNm,8.0
ScrewClosedLoopPressureStep,20.0,pwmFraction,0.6940758059756271
ScrewClosedLoopPressureStep,20.0,saturated,0.0
ScrewClosedLoopPressureStep,20.0,speedErrorRpm,-0.002816423215517005
ScrewClosedLoopPressureStep,20.0,speedIntegrator,0.006082624421979683
ScrewClosedLoopPressureStep,20.0,tachValid,1.0
ScrewClosedLoopPressureStep,20.0,unconstrainedCommandRpm,16.00222958751845
PullerClosedLoopLowSpeed,0.0,actualRpm,0.0
PullerClosedLoopLowSpeed,0.0,appliedLoadRpm,0.0
PullerClosedLoopLowSpeed,0.0,bearingLoadN,800.0
PullerClosedLoopLowSpeed,0.0,chainForceN,250.0
PullerClosedLoopLowSpeed,0.0,commandRpm,15.428
PullerClosedLoopLowSpeed,0.0,continuousRegion,1.0
PullerClosedLoopLowSpeed,0.0,controlledRundown,0.0
PullerClosedLoopLowSpeed,0.0,cutterTorqueNm,12.0
PullerClosedLoopLowSpeed,0.0,der(actualRpm),34.28444444444444
PullerClosedLoopLowSpeed,0.0,der(speedIntegrator),5.51
PullerClosedLoopLowSpeed,0.0,phaseTorqueNm,8.0
PullerClosedLoopLowSpeed,0.0,pwmFraction,0.4414177777777778
PullerClosedLoopLowSpeed,0.0,saturated,0.0
PullerClosedLoopLowSpeed,0.0,speedErrorRpm,5.51
PullerClosedLoopLowSpeed,0.0,speedIntegrator,0.0
PullerClosedLoopLowSpeed,0.0,tachValid,1.0
PullerClosedLoopLowSpeed,0.0,unconstrainedCommandRpm,15.428
PullerClosedLoopLowSpeed,4.95,actualRpm,5.397585492528673
PullerClosedLoopLowSpeed,4.95,appliedLoadRpm,0.6
PullerClosedLoopLowSpeed,4.95,bearingLoadN,1856.544175556756
PullerClosedLoopLowSpeed,4.95,chainForceN,602.7336257714462
PullerClosedLoopLowSpeed,4.95,commandRpm,6.018484744517373
PullerClosedLoopLowSpeed,4.95,continuousRegion,1.0
PullerClosedLoopLowSpeed,4.95,controlledRundown,0.0
PullerClosedLoopLowSpeed,4.95,cutterTorqueNm,21.99375000440007
PullerClosedLoopLowSpeed,4.95,der(actualRpm),0.0464427821971114
PullerClosedLoopLowSpeed,4.95,der(speedIntegrator),0.1124145074713265
PullerClosedLoopLowSpeed,4.95,phaseTorqueNm,20.00049692324236
PullerClosedLoopLowSpeed,4.95,pwmFraction,0.2636824896186615
PullerClosedLoopLowSpeed,4.95,saturated,0.0
PullerClosedLoopLowSpeed,4.95,speedErrorRpm,0.1124145074713265
PullerClosedLoopLowSpeed,4.95,speedIntegrator,0.2551155258908211
PullerClosedLoopLowSpeed,4.95,tachValid,1.0
PullerClosedLoopLowSpeed,4.95,unconstrainedCommandRpm,6.018484744517373
PullerClosedLoopLowSpeed,9.95,actualRpm,5.600851163305188
PullerClosedLoopLowSpeed,9.95,appliedLoadRpm,0.0
PullerClosedLoopLowSpeed,9.95,bearingLoadN,800.0
PullerClosedLoopLowSpeed,9.95,chainForceN,250.0
PullerClosedLoopLowSpeed,9.95,commandRpm,5.581925697478433
PullerClosedLoopLowSpeed,9.95,continuousRegion,1.0
PullerClosedLoopLowSpeed,9.95,controlledRundown,0.0
PullerClosedLoopLowSpeed,9.95,cutterTorqueNm,12.0
PullerClosedLoopLowSpeed,9.95,der(actualRpm),-0.0420565907261208
PullerClosedLoopLowSpeed,9.95,der(speedIntegrator),-0.09085116330518783
PullerClosedLoopLowSpeed,9.95,phaseTorqueNm,8.0
PullerClosedLoopLowSpeed,9.95,pwmFraction,0.2554363742857037
PullerClosedLoopLowSpeed,9.95,saturated,0.0
PullerClosedLoopLowSpeed,9.95,speedErrorRpm,-0.09085116330518783
PullerClosedLoopLowSpeed,9.95,speedIntegrator,0.1962148261898094
PullerClosedLoopLowSpeed,9.95,tachValid,1.0
PullerClosedLoopLowSpeed,9.95,unconstrainedCommandRpm,5.581925697478433
PullerClosedLoopLowSpeed,15.0,actualRpm,5.518767161373734
PullerClosedLoopLowSpeed,15.0,appliedLoadRpm,0.0
PullerClosedLoopLowSpeed,15.0,bearingLoadN,800.0
PullerClosedLoopLowSpeed,15.0,chainForceN,250.0
PullerClosedLoopLowSpeed,15.0,commandRpm,5.516940479651877
PullerClosedLoopLowSpeed,15.0,continuousRegion,1.0
PullerClosedLoopLowSpeed,15.0,controlledRundown,0.0
PullerClosedLoopLowSpeed,15.0,cutterTorqueNm,12.0
PullerClosedLoopLowSpeed,15.0,der(actualRpm),-0.004059292715237935
PullerClosedLoopLowSpeed,15.0,der(speedIntegrator),-0.008767161373734567
PullerClosedLoopLowSpeed,15.0,phaseTorqueNm,8.0
PullerClosedLoopLowSpeed,15.0,pwmFraction,0.2542088757267577
PullerClosedLoopLowSpeed,15.0,saturated,0.0
PullerClosedLoopLowSpeed,15.0,speedErrorRpm,-0.008767161373734567
PullerClosedLoopLowSpeed,15.0,speedIntegrator,0.01893447510383317
PullerClosedLoopLowSpeed,15.0,tachValid,1.0
PullerClosedLoopLowSpeed,15.0,unconstrainedCommandRpm,5.516940479651877
PullerClosedLoopLowSpeed,20.0,actualRpm,5.510865986463298
PullerClosedLoopLowSpeed,20.0,appliedLoadRpm,0.0
PullerClosedLoopLowSpeed,20.0,bearingLoadN,800.0
PullerClosedLoopLowSpeed,20.0,chainForceN,250.0
PullerClosedLoopLowSpeed,20.0,commandRpm,5.510685552543721
PullerClosedLoopLowSpeed,20.0,continuousRegion,1.0
PullerClosedLoopLowSpeed,20.0,controlledRundown,0.0
PullerClosedLoopLowSpeed,20.0,cutterTorqueNm,12.0
PullerClosedLoopLowSpeed,20.0,der(actualRpm),-0.0004009642657247051
PullerClosedLoopLowSpeed,20.0,der(speedIntegrator),-0.0008659864632978298
PullerClosedLoopLowSpeed,20.0,phaseTorqueNm,8.0
PullerClosedLoopLowSpeed,20.0,pwmFraction,0.2540907271036036
PullerClosedLoopLowSpeed,20.0,saturated,0.0
PullerClosedLoopLowSpeed,20.0,speedErrorRpm,-0.0008659864632978298
PullerClosedLoopLowSpeed,20.0,speedIntegrator,0.001870273481381268
PullerClosedLoopLowSpeed,20.0,tachValid,1.0
PullerClosedLoopLowSpeed,20.0,unconstrainedCommandRpm,5.510685552543721
SpoolerClosedLoopEmptyToFull,0.0,actualRpm,0.0
SpoolerClosedLoopEmptyToFull,0.0,actualWoundLengthMm,0.0
SpoolerClosedLoopEmptyToFull,0.0,commandRpm,8.0
SpoolerClosedLoopEmptyToFull,0.0,continuousRegion,1.0
SpoolerClosedLoopEmptyToFull,0.0,der(actualRpm),16.0
SpoolerClosedLoopEmptyToFull,0.0,estimatedRadiusMm,26.0
SpoolerClosedLoopEmptyToFull,0.0,fullLengthMm,679061.2114285714
SpoolerClosedLoopEmptyToFull,0.0,radiusBounded,1.0
SpoolerClosedLoopEmptyToFull,0.0,speedErrorRpm,3.408364319752589
SpoolerClosedLoopEmptyToFull,0.0,targetRpm,3.408364319752589
SpoolerClosedLoopEmptyToFull,5.0,actualRpm,1.505467387632997
SpoolerClosedLoopEmptyToFull,5.0,actualWoundLengthMm,212206.6285714286
SpoolerClosedLoopEmptyToFull,5.0,commandRpm,1.442101624112021
SpoolerClosedLoopEmptyToFull,5.0,continuousRegion,1.0
SpoolerClosedLoopEmptyToFull,5.0,der(actualRpm),-0.1267315270419513
SpoolerClosedLoopEmptyToFull,5.0,estimatedRadiusMm,59.91452244656549
SpoolerClosedLoopEmptyToFull,5.0,fullLengthMm,679061.2114285714
SpoolerClosedLoopEmptyToFull,5.0,radiusBounded,1.0
SpoolerClosedLoopEmptyToFull,5.0,speedErrorRpm,-0.02640240146707318
SpoolerClosedLoopEmptyToFull,5.0,targetRpm,1.479064986165924
SpoolerClosedLoopEmptyToFull,10.05,actualRpm,1.106901651085415
SpoolerClosedLoopEmptyToFull,10.05,actualWoundLengthMm,426535.3234285714
SpoolerClosedLoopEmptyToFull,10.05,commandRpm,1.08173435483284
SpoolerClosedLoopEmptyToFull,10.05,continuousRegion,1.0
SpoolerClosedLoopEmptyToFull,10.05,der(actualRpm),-0.05033459250514927
SpoolerClosedLoopEmptyToFull,10.05,estimatedRadiusMm,80.8247332194793
SpoolerClosedLoopEmptyToFull,10.05,fullLengthMm,679061.2114285714
SpoolerClosedLoopEmptyToFull,10.05,radiusBounded,1.0
SpoolerClosedLoopEmptyToFull,10.05,speedErrorRpm,-0.01048637343857273
SpoolerClosedLoopEmptyToFull,10.05,targetRpm,1.096415277646842
SpoolerClosedLoopEmptyToFull,15.05,actualRpm,0.9177482207529488
SpoolerClosedLoopEmptyToFull,15.05,actualWoundLengthMm,638741.9519999999
SpoolerClosedLoopEmptyToFull,15.05,commandRpm,0.9034064433654528
SpoolerClosedLoopEmptyToFull,15.05,continuousRegion,1.0
SpoolerClosedLoopEmptyToFull,15.05,der(actualRpm),-0.02868355477499196
SpoolerClosedLoopEmptyToFull,15.05,estimatedRadiusMm,97.19252800498606
SpoolerClosedLoopEmptyToFull,15.05,fullLengthMm,679061.2114285714
SpoolerClosedLoopEmptyToFull,15.05,radiusBounded,1.0
SpoolerClosedLoopEmptyToFull,15.05,speedErrorRpm,-0.005975740578123334
SpoolerClosedLoopEmptyToFull,15.05,targetRpm,0.9117724801748255
SpoolerClosedLoopEmptyToFull,20.0,actualRpm,0.886174721428002
SpoolerClosedLoopEmptyToFull,20.0,actualWoundLengthMm,679061.2114285714
SpoolerClosedLoopEmptyToFull,20.0,commandRpm,0.8861747255264127
SpoolerClosedLoopEmptyToFull,20.0,continuousRegion,1.0
SpoolerClosedLoopEmptyToFull,20.0,der(actualRpm),8.196821443817726e-09
SpoolerClosedLoopEmptyToFull,20.0,estimatedRadiusMm,100.0
SpoolerClosedLoopEmptyToFull,20.0,fullLengthMm,679061.2114285714
SpoolerClosedLoopEmptyToFull,20.0,radiusBounded,1.0
SpoolerClosedLoopEmptyToFull,20.0,speedErrorRpm,1.707671115624976e-09
SpoolerClosedLoopEmptyToFull,20.0,targetRpm,0.8861747231356731
TraverseHomeMiddle,0.0,homingState,2.0
TraverseHomeMiddle,0.0,leftLimit,0.0
TraverseHomeMiddle,0.0,traverseFault,0.0
TraverseHomeMiddle,0.0,traversePositionMm,34.0
TraverseHomeMiddle,0.0,traverseReady,0.0
TraverseHomeMiddle,4.85,homingState,4.0
TraverseHomeMiddle,4.85,leftLimit,1.0
TraverseHomeMiddle,4.85,traverseFault,0.0
TraverseHomeMiddle,4.85,traversePositionMm,2.0
TraverseHomeMiddle,4.85,traverseReady,1.0
TraverseHomeMiddle,9.95,homingState,4.0
TraverseHomeMiddle,9.95,leftLimit,1.0
TraverseHomeMiddle,9.95,traverseFault,0.0
TraverseHomeMiddle,9.95,traversePositionMm,2.0
TraverseHomeMiddle,9.95,traverseReady,1.0
TraverseHomeMiddle,15.0,homingState,4.0
TraverseHomeMiddle,15.0,leftLimit,1.0
TraverseHomeMiddle,15.0,traverseFault,0.0
TraverseHomeMiddle,15.0,traversePositionMm,2.0
TraverseHomeMiddle,15.0,traverseReady,1.0
TraverseHomeMiddle,20.0,homingState,4.0
TraverseHomeMiddle,20.0,leftLimit,1.0
TraverseHomeMiddle,20.0,traverseFault,0.0
TraverseHomeMiddle,20.0,traversePositionMm,2.0
TraverseHomeMiddle,20.0,traverseReady,1.0
TraverseHomeWrongDirection,0.0,homingState,2.0
TraverseHomeWrongDirection,0.0,leftLimit,0.0
TraverseHomeWrongDirection,0.0,traverseFault,0.0
TraverseHomeWrongDirection,0.0,traversePositionMm,34.0
TraverseHomeWrongDirection,0.0,traverseReady,0.0
TraverseHomeWrongDirection,4.8,homingState,6.0
TraverseHomeWrongDirection,4.8,leftLimit,0.0
TraverseHomeWrongDirection,4.8,traverseFault,1.0
TraverseHomeWrongDirection,4.8,traversePositionMm,68.0
TraverseHomeWrongDirection,4.8,traverseReady,0.0
TraverseHomeWrongDirection,9.9,homingState,6.0
TraverseHomeWrongDirection,9.9,leftLimit,0.0
TraverseHomeWrongDirection,9.9,traverseFault,1.0
TraverseHomeWrongDirection,9.9,traversePositionMm,68.0
TraverseHomeWrongDirection,9.9,traverseReady,0.0
TraverseHomeWrongDirection,15.0,homingState,6.0
TraverseHomeWrongDirection,15.0,leftLimit,0.0
TraverseHomeWrongDirection,15.0,traverseFault,1.0
TraverseHomeWrongDirection,15.0,traversePositionMm,68.0
TraverseHomeWrongDirection,15.0,traverseReady,0.0
TraverseHomeWrongDirection,20.0,homingState,6.0
TraverseHomeWrongDirection,20.0,leftLimit,0.0
TraverseHomeWrongDirection,20.0,traverseFault,1.0
TraverseHomeWrongDirection,20.0,traversePositionMm,68.0
TraverseHomeWrongDirection,20.0,traverseReady,0.0
TraverseLimitFailure,0.0,homingState,2.0
TraverseLimitFailure,0.0,leftLimit,0.0
TraverseLimitFailure,0.0,traverseFault,0.0
TraverseLimitFailure,0.0,traversePositionMm,34.0
TraverseLimitFailure,0.0,traverseReady,0.0
TraverseLimitFailure,4.9,homingState,2.0
TraverseLimitFailure,4.9,leftLimit,0.0
TraverseLimitFailure,4.9,traverseFault,0.0
TraverseLimitFailure,4.9,traversePositionMm,0.0
TraverseLimitFailure,4.9,traverseReady,0.0
TraverseLimitFailure,9.9,homingState,6.0
TraverseLimitFailure,9.9,leftLimit,0.0
TraverseLimitFailure,9.9,traverseFault,1.0
TraverseLimitFailure,9.9,traversePositionMm,0.0
TraverseLimitFailure,9.9,traverseReady,0.0
TraverseLimitFailure,15.0,homingState,6.0
TraverseLimitFailure,15.0,leftLimit,0.0
TraverseLimitFailure,15.0,traverseFault,1.0
TraverseLimitFailure,15.0,traversePositionMm,0.0
TraverseLimitFailure,15.0,traverseReady,0.0
TraverseLimitFailure,20.0,homingState,6.0
TraverseLimitFailure,20.0,leftLimit,0.0
TraverseLimitFailure,20.0,traverseFault,1.0
TraverseLimitFailure,20.0,traversePositionMm,0.0
TraverseLimitFailure,20.0,traverseReady,0.0
PLAShredderRecirculation,0.0,axialMigrationProbability,0.007073333333333334
PLAShredderRecirculation,0.0,cutterTorqueNm,21.99375000440007
PLAShredderRecirculation,0.0,deadPocketProbability,0.01110666666666667
PLAShredderRecirculation,0.0,guardedFragmentEjection,0.0
PLAShredderRecirculation,0.0,oversizeReturnProbability,0.9422200000000001
PLAShredderRecirculation,0.0,passes,1.0
PLAShredderRecirculation,0.0,ribbonBypassProbability,0.0
PLAShredderRecirculation,5.0,axialMigrationProbability,0.007073333333333334
PLAShredderRecirculation,5.0,cutterTorqueNm,21.99375000440007
PLAShredderRecirculation,5.0,deadPocketProbability,0.01110666666666667
PLAShredderRecirculation,5.0,guardedFragmentEjection,0.0
PLAShredderRecirculation,5.0,oversizeReturnProbability,0.9422200000000001
PLAShredderRecirculation,5.0,passes,1.0
PLAShredderRecirculation,5.0,ribbonBypassProbability,0.0
PLAShredderRecirculation,10.05,axialMigrationProbability,0.007073333333333334
PLAShredderRecirculation,10.05,cutterTorqueNm,21.99375000440007
PLAShredderRecirculation,10.05,deadPocketProbability,0.01110666666666667
PLAShredderRecirculation,10.05,guardedFragmentEjection,0.0
PLAShredderRecirculation,10.05,oversizeReturnProbability,0.9422200000000001
PLAShredderRecirculation,10.05,passes,1.0
PLAShredderRecirculation,10.05,ribbonBypassProbability,0.0
PLAShredderRecirculation,15.05,axialMigrationProbability,0.007073333333333334
PLAShredderRecirculation,15.05,cutterTorqueNm,21.99375000440007
PLAShredderRecirculation,15.05,deadPocketProbability,0.01110666666666667
PLAShredderRecirculation,15.05,guardedFragmentEjection,0.0
PLAShredderRecirculation,15.05,oversizeReturnProbability,0.9422200000000001
PLAShredderRecirculation,15.05,passes,1.0
PLAShredderRecirculation,15.05,ribbonBypassProbability,0.0
PLAShredderRecirculation,20.0,axialMigrationProbability,0.007073333333333334
PLAShredderRecirculation,20.0,cutterTorqueNm,21.99375000440007
PLAShredderRecirculation,20.0,deadPocketProbability,0.01110666666666667
PLAShredderRecirculation,20.0,guardedFragmentEjection,0.0
PLAShredderRecirculation,20.0,oversizeReturnProbability,0.9422200000000001
PLAShredderRecirculation,20.0,passes,1.0
PLAShredderRecirculation,20.0,ribbonBypassProbability,0.0
PETRibbonRecirculation,0.0,axialMigrationProbability,0.007073333333333334
PETRibbonRecirculation,0.0,cutterTorqueNm,21.99375000440007
PETRibbonRecirculation,0.0,deadPocketProbability,0.01110666666666667
PETRibbonRecirculation,0.0,guardedFragmentEjection,0.0
PETRibbonRecirculation,0.0,oversizeReturnProbability,0.9422200000000001
PETRibbonRecirculation,0.0,passes,1.0
PETRibbonRecirculation,0.0,ribbonBypassProbability,0.007875
PETRibbonRecirculation,5.0,axialMigrationProbability,0.007073333333333334
PETRibbonRecirculation,5.0,cutterTorqueNm,21.99375000440007
PETRibbonRecirculation,5.0,deadPocketProbability,0.01110666666666667
PETRibbonRecirculation,5.0,guardedFragmentEjection,0.0
PETRibbonRecirculation,5.0,oversizeReturnProbability,0.9422200000000001
PETRibbonRecirculation,5.0,passes,1.0
PETRibbonRecirculation,5.0,ribbonBypassProbability,0.007875
PETRibbonRecirculation,10.05,axialMigrationProbability,0.007073333333333334
PETRibbonRecirculation,10.05,cutterTorqueNm,21.99375000440007
PETRibbonRecirculation,10.05,deadPocketProbability,0.01110666666666667
PETRibbonRecirculation,10.05,guardedFragmentEjection,0.0
PETRibbonRecirculation,10.05,oversizeReturnProbability,0.9422200000000001
PETRibbonRecirculation,10.05,passes,1.0
PETRibbonRecirculation,10.05,ribbonBypassProbability,0.007875
PETRibbonRecirculation,15.05,axialMigrationProbability,0.007073333333333334
PETRibbonRecirculation,15.05,cutterTorqueNm,21.99375000440007
PETRibbonRecirculation,15.05,deadPocketProbability,0.01110666666666667
PETRibbonRecirculation,15.05,guardedFragmentEjection,0.0
PETRibbonRecirculation,15.05,oversizeReturnProbability,0.9422200000000001
PETRibbonRecirculation,15.05,passes,1.0
PETRibbonRecirculation,15.05,ribbonBypassProbability,0.007875
PETRibbonRecirculation,20.0,axialMigrationProbability,0.007073333333333334
PETRibbonRecirculation,20.0,cutterTorqueNm,21.99375000440007
PETRibbonRecirculation,20.0,deadPocketProbability,0.01110666666666667
PETRibbonRecirculation,20.0,guardedFragmentEjection,0.0
PETRibbonRecirculation,20.0,oversizeReturnProbability,0.9422200000000001
PETRibbonRecirculation,20.0,passes,1.0
PETRibbonRecirculation,20.0,ribbonBypassProbability,0.007875
PLAHopperBridgeClear,0.0,attachmentReactionTorqueNm,2.2
PLAHopperBridgeClear,0.0,attachmentVerticalLoadN,5.4
PLAHopperBridgeClear,0.0,bridgeClearCycles,2.0
PLAHopperBridgeClear,0.0,continuousStarvationS,0.0
PLAHopperBridgeClear,0.0,controlledPause,0.0
PLAHopperBridgeClear,0.0,deliveredFeedGH,0.0
PLAHopperBridgeClear,0.0,der(feedInventoryG),0.0
PLAHopperBridgeClear,0.0,feedInventoryG,20.0
PLAHopperBridgeClear,0.0,feederCurrentA,2.768105142857144
PLAHopperBridgeClear,0.0,feederTorqueNm,1.413227067669174
PLAHopperBridgeClear,0.0,inventoryBounded,1.0
PLAHopperBridgeClear,0.0,uncontrolledOverfeed,0.0
PLAHopperBridgeClear,4.95,attachmentReactionTorqueNm,2.2
PLAHopperBridgeClear,4.95,attachmentVerticalLoadN,5.4
PLAHopperBridgeClear,4.95,bridgeClearCycles,2.0
PLAHopperBridgeClear,4.95,continuousStarvationS,0.0
PLAHopperBridgeClear,4.95,controlledPause,0.0
PLAHopperBridgeClear,4.95,deliveredFeedGH,95.85599043482054
PLAHopperBridgeClear,4.95,der(feedInventoryG),0.0
PLAHopperBridgeClear,4.95,feedInventoryG,20.0
PLAHopperBridgeClear,4.95,feederCurrentA,2.768105142857144
PLAHopperBridgeClear,4.95,feederTorqueNm,1.413227067669174
PLAHopperBridgeClear,4.95,inventoryBounded,1.0
PLAHopperBridgeClear,4.95,uncontrolledOverfeed,0.0
PLAHopperBridgeClear,10.0,attachmentReactionTorqueNm,2.2
PLAHopperBridgeClear,10.0,attachmentVerticalLoadN,5.4
PLAHopperBridgeClear,10.0,bridgeClearCycles,2.0
PLAHopperBridgeClear,10.0,continuousStarvationS,0.0
PLAHopperBridgeClear,10.0,controlledPause,0.0
PLAHopperBridgeClear,10.0,deliveredFeedGH,95.85599043482054
PLAHopperBridgeClear,10.0,der(feedInventoryG),0.0
PLAHopperBridgeClear,10.0,feedInventoryG,20.0
PLAHopperBridgeClear,10.0,feederCurrentA,2.768105142857144
PLAHopperBridgeClear,10.0,feederTorqueNm,1.413227067669174
PLAHopperBridgeClear,10.0,inventoryBounded,1.0
PLAHopperBridgeClear,10.0,uncontrolledOverfeed,0.0
PLAHopperBridgeClear,15.05,attachmentReactionTorqueNm,2.2
PLAHopperBridgeClear,15.05,attachmentVerticalLoadN,5.4
PLAHopperBridgeClear,15.05,bridgeClearCycles,2.0
PLAHopperBridgeClear,15.05,continuousStarvationS,0.0
PLAHopperBridgeClear,15.05,controlledPause,0.0
PLAHopperBridgeClear,15.05,deliveredFeedGH,95.85599043482054
PLAHopperBridgeClear,15.05,der(feedInventoryG),0.0
PLAHopperBridgeClear,15.05,feedInventoryG,20.0
PLAHopperBridgeClear,15.05,feederCurrentA,2.768105142857144
PLAHopperBridgeClear,15.05,feederTorqueNm,1.413227067669174
PLAHopperBridgeClear,15.05,inventoryBounded,1.0
PLAHopperBridgeClear,15.05,uncontrolledOverfeed,0.0
PLAHopperBridgeClear,20.0,attachmentReactionTorqueNm,2.2
PLAHopperBridgeClear,20.0,attachmentVerticalLoadN,5.4
PLAHopperBridgeClear,20.0,bridgeClearCycles,2.0
PLAHopperBridgeClear,20.0,continuousStarvationS,0.0
PLAHopperBridgeClear,20.0,controlledPause,0.0
PLAHopperBridgeClear,20.0,deliveredFeedGH,95.85599043482054
PLAHopperBridgeClear,20.0,der(feedInventoryG),0.0
PLAHopperBridgeClear,20.0,feedInventoryG,20.0
PLAHopperBridgeClear,20.0,feederCurrentA,2.768105142857144
PLAHopperBridgeClear,20.0,feederTorqueNm,1.413227067669174
PLAHopperBridgeClear,20.0,inventoryBounded,1.0
PLAHopperBridgeClear,20.0,uncontrolledOverfeed,0.0
PETHopperBridgeClear,0.0,attachmentReactionTorqueNm,2.2
PETHopperBridgeClear,0.0,attachmentVerticalLoadN,5.4
PETHopperBridgeClear,0.0,bridgeClearCycles,2.0
PETHopperBridgeClear,0.0,continuousStarvationS,0.0
PETHopperBridgeClear,0.0,controlledPause,0.0
PETHopperBridgeClear,0.0,deliveredFeedGH,0.0
PETHopperBridgeClear,0.0,der(feedInventoryG),0.0
PETHopperBridgeClear,0.0,feedInventoryG,20.0
PETHopperBridgeClear,0.0,feederCurrentA,2.768105142857144
PETHopperBridgeClear,0.0,feederTorqueNm,1.413227067669174
PETHopperBridgeClear,0.0,inventoryBounded,1.0
PETHopperBridgeClear,0.0,uncontrolledOverfeed,0.0
PETHopperBridgeClear,4.95,attachmentReactionTorqueNm,2.2
PETHopperBridgeClear,4.95,attachmentVerticalLoadN,5.4
PETHopperBridgeClear,4.95,bridgeClearCycles,2.0
PETHopperBridgeClear,4.95,continuousStarvationS,0.0
PETHopperBridgeClear,4.95,controlledPause,0.0
PETHopperBridgeClear,4.95,deliveredFeedGH,95.85599043482054
PETHopperBridgeClear,4.95,der(feedInventoryG),0.0
PETHopperBridgeClear,4.95,feedInventoryG,20.0
PETHopperBridgeClear,4.95,feederCurrentA,2.768105142857144
PETHopperBridgeClear,4.95,feederTorqueNm,1.413227067669174
PETHopperBridgeClear,4.95,inventoryBounded,1.0
PETHopperBridgeClear,4.95,uncontrolledOverfeed,0.0
PETHopperBridgeClear,10.0,attachmentReactionTorqueNm,2.2
PETHopperBridgeClear,10.0,attachmentVerticalLoadN,5.4
PETHopperBridgeClear,10.0,bridgeClearCycles,2.0
PETHopperBridgeClear,10.0,continuousStarvationS,0.0
PETHopperBridgeClear,10.0,controlledPause,0.0
PETHopperBridgeClear,10.0,deliveredFeedGH,95.85599043482054
PETHopperBridgeClear,10.0,der(feedInventoryG),0.0
PETHopperBridgeClear,10.0,feedInventoryG,20.0
PETHopperBridgeClear,10.0,feederCurrentA,2.768105142857144
PETHopperBridgeClear,10.0,feederTorqueNm,1.413227067669174
PETHopperBridgeClear,10.0,inventoryBounded,1.0
PETHopperBridgeClear,10.0,uncontrolledOverfeed,0.0
PETHopperBridgeClear,15.05,attachmentReactionTorqueNm,2.2
PETHopperBridgeClear,15.05,attachmentVerticalLoadN,5.4
PETHopperBridgeClear,15.05,bridgeClearCycles,2.0
PETHopperBridgeClear,15.05,continuousStarvationS,0.0
PETHopperBridgeClear,15.05,controlledPause,0.0
PETHopperBridgeClear,15.05,deliveredFeedGH,95.85599043482054
PETHopperBridgeClear,15.05,der(feedInventoryG),0.0
PETHopperBridgeClear,15.05,feedInventoryG,20.0
PETHopperBridgeClear,15.05,feederCurrentA,2.768105142857144
PETHopperBridgeClear,15.05,feederTorqueNm,1.413227067669174
PETHopperBridgeClear,15.05,inventoryBounded,1.0
PETHopperBridgeClear,15.05,uncontrolledOverfeed,0.0
PETHopperBridgeClear,20.0,attachmentReactionTorqueNm,2.2
PETHopperBridgeClear,20.0,attachmentVerticalLoadN,5.4
PETHopperBridgeClear,20.0,bridgeClearCycles,2.0
PETHopperBridgeClear,20.0,continuousStarvationS,0.0
PETHopperBridgeClear,20.0,controlledPause,0.0
PETHopperBridgeClear,20.0,deliveredFeedGH,95.85599043482054
PETHopperBridgeClear,20.0,der(feedInventoryG),0.0
PETHopperBridgeClear,20.0,feedInventoryG,20.0
PETHopperBridgeClear,20.0,feederCurrentA,2.768105142857144
PETHopperBridgeClear,20.0,feederTorqueNm,1.413227067669174
PETHopperBridgeClear,20.0,inventoryBounded,1.0
PETHopperBridgeClear,20.0,uncontrolledOverfeed,0.0
FeedRateNominalPLA,0.0,attachmentReactionTorqueNm,2.2
FeedRateNominalPLA,0.0,attachmentVerticalLoadN,5.4
FeedRateNominalPLA,0.0,bridgeClearCycles,0.0
FeedRateNominalPLA,0.0,continuousStarvationS,0.0
FeedRateNominalPLA,0.0,controlledPause,0.0
FeedRateNominalPLA,0.0,deliveredFeedGH,100.2432483046461
FeedRateNominalPLA,0.0,der(feedInventoryG),0.0
FeedRateNominalPLA,0.0,feedInventoryG,20.0
FeedRateNominalPLA,0.0,feederCurrentA,2.768105142857144
FeedRateNominalPLA,0.0,feederTorqueNm,1.413227067669174
FeedRateNominalPLA,0.0,inventoryBounded,1.0
FeedRateNominalPLA,0.0,uncontrolledOverfeed,0.0
FeedRateNominalPLA,5.0,attachmentReactionTorqueNm,2.2
FeedRateNominalPLA,5.0,attachmentVerticalLoadN,5.4
FeedRateNominalPLA,5.0,bridgeClearCycles,0.0
FeedRateNominalPLA,5.0,continuousStarvationS,0.0
FeedRateNominalPLA,5.0,controlledPause,0.0
FeedRateNominalPLA,5.0,deliveredFeedGH,100.2432483046461
FeedRateNominalPLA,5.0,der(feedInventoryG),0.0
FeedRateNominalPLA,5.0,feedInventoryG,20.0
FeedRateNominalPLA,5.0,feederCurrentA,2.768105142857144
FeedRateNominalPLA,5.0,feederTorqueNm,1.413227067669174
FeedRateNominalPLA,5.0,inventoryBounded,1.0
FeedRateNominalPLA,5.0,uncontrolledOverfeed,0.0
FeedRateNominalPLA,10.05,attachmentReactionTorqueNm,2.2
FeedRateNominalPLA,10.05,attachmentVerticalLoadN,5.4
FeedRateNominalPLA,10.05,bridgeClearCycles,0.0
FeedRateNominalPLA,10.05,continuousStarvationS,0.0
FeedRateNominalPLA,10.05,controlledPause,0.0
FeedRateNominalPLA,10.05,deliveredFeedGH,100.2432483046461
FeedRateNominalPLA,10.05,der(feedInventoryG),0.0
FeedRateNominalPLA,10.05,feedInventoryG,20.0
FeedRateNominalPLA,10.05,feederCurrentA,2.768105142857144
FeedRateNominalPLA,10.05,feederTorqueNm,1.413227067669174
FeedRateNominalPLA,10.05,inventoryBounded,1.0
FeedRateNominalPLA,10.05,uncontrolledOverfeed,0.0
FeedRateNominalPLA,15.05,attachmentReactionTorqueNm,2.2
FeedRateNominalPLA,15.05,attachmentVerticalLoadN,5.4
FeedRateNominalPLA,15.05,bridgeClearCycles,0.0
FeedRateNominalPLA,15.05,continuousStarvationS,0.0
FeedRateNominalPLA,15.05,controlledPause,0.0
FeedRateNominalPLA,15.05,deliveredFeedGH,100.2432483046461
FeedRateNominalPLA,15.05,der(feedInventoryG),0.0
FeedRateNominalPLA,15.05,feedInventoryG,20.0
FeedRateNominalPLA,15.05,feederCurrentA,2.768105142857144
FeedRateNominalPLA,15.05,feederTorqueNm,1.413227067669174
FeedRateNominalPLA,15.05,inventoryBounded,1.0
FeedRateNominalPLA,15.05,uncontrolledOverfeed,0.0
FeedRateNominalPLA,20.0,attachmentReactionTorqueNm,2.2
FeedRateNominalPLA,20.0,attachmentVerticalLoadN,5.4
FeedRateNominalPLA,20.0,bridgeClearCycles,0.0
FeedRateNominalPLA,20.0,continuousStarvationS,0.0
FeedRateNominalPLA,20.0,controlledPause,0.0
FeedRateNominalPLA,20.0,deliveredFeedGH,100.2432483046461
FeedRateNominalPLA,20.0,der(feedInventoryG),0.0
FeedRateNominalPLA,20.0,feedInventoryG,20.0
FeedRateNominalPLA,20.0,feederCurrentA,2.768105142857144
FeedRateNominalPLA,20.0,feederTorqueNm,1.413227067669174
FeedRateNominalPLA,20.0,inventoryBounded,1.0
FeedRateNominalPLA,20.0,uncontrolledOverfeed,0.0
FeedRateNominalPET,0.0,attachmentReactionTorqueNm,2.2
FeedRateNominalPET,0.0,attachmentVerticalLoadN,5.4
FeedRateNominalPET,0.0,bridgeClearCycles,0.0
FeedRateNominalPET,0.0,continuousStarvationS,0.0
FeedRateNominalPET,0.0,controlledPause,0.0
FeedRateNominalPET,0.0,deliveredFeedGH,95.85599043482054
FeedRateNominalPET,0.0,der(feedInventoryG),0.0
FeedRateNominalPET,0.0,feedInventoryG,20.0
FeedRateNominalPET,0.0,feederCurrentA,2.768105142857144
FeedRateNominalPET,0.0,feederTorqueNm,1.413227067669174
FeedRateNominalPET,0.0,inventoryBounded,1.0
FeedRateNominalPET,0.0,uncontrolledOverfeed,0.0
FeedRateNominalPET,5.0,attachmentReactionTorqueNm,2.2
FeedRateNominalPET,5.0,attachmentVerticalLoadN,5.4
FeedRateNominalPET,5.0,bridgeClearCycles,0.0
FeedRateNominalPET,5.0,continuousStarvationS,0.0
FeedRateNominalPET,5.0,controlledPause,0.0
FeedRateNominalPET,5.0,deliveredFeedGH,95.85599043482054
FeedRateNominalPET,5.0,der(feedInventoryG),0.0
FeedRateNominalPET,5.0,feedInventoryG,20.0
FeedRateNominalPET,5.0,feederCurrentA,2.768105142857144
FeedRateNominalPET,5.0,feederTorqueNm,1.413227067669174
FeedRateNominalPET,5.0,inventoryBounded,1.0
FeedRateNominalPET,5.0,uncontrolledOverfeed,0.0
FeedRateNominalPET,10.05,attachmentReactionTorqueNm,2.2
FeedRateNominalPET,10.05,attachmentVerticalLoadN,5.4
FeedRateNominalPET,10.05,bridgeClearCycles,0.0
FeedRateNominalPET,10.05,continuousStarvationS,0.0
FeedRateNominalPET,10.05,controlledPause,0.0
FeedRateNominalPET,10.05,deliveredFeedGH,95.85599043482054
FeedRateNominalPET,10.05,der(feedInventoryG),0.0
FeedRateNominalPET,10.05,feedInventoryG,20.0
FeedRateNominalPET,10.05,feederCurrentA,2.768105142857144
FeedRateNominalPET,10.05,feederTorqueNm,1.413227067669174
FeedRateNominalPET,10.05,inventoryBounded,1.0
FeedRateNominalPET,10.05,uncontrolledOverfeed,0.0
FeedRateNominalPET,15.05,attachmentReactionTorqueNm,2.2
FeedRateNominalPET,15.05,attachmentVerticalLoadN,5.4
FeedRateNominalPET,15.05,bridgeClearCycles,0.0
FeedRateNominalPET,15.05,continuousStarvationS,0.0
FeedRateNominalPET,15.05,controlledPause,0.0
FeedRateNominalPET,15.05,deliveredFeedGH,95.85599043482054
FeedRateNominalPET,15.05,der(feedInventoryG),0.0
FeedRateNominalPET,15.05,feedInventoryG,20.0
FeedRateNominalPET,15.05,feederCurrentA,2.768105142857144
FeedRateNominalPET,15.05,feederTorqueNm,1.413227067669174
FeedRateNominalPET,15.05,inventoryBounded,1.0
FeedRateNominalPET,15.05,uncontrolledOverfeed,0.0
FeedRateNominalPET,20.0,attachmentReactionTorqueNm,2.2
FeedRateNominalPET,20.0,attachmentVerticalLoadN,5.4
FeedRateNominalPET,20.0,bridgeClearCycles,0.0
FeedRateNominalPET,20.0,continuousStarvationS,0.0
FeedRateNominalPET,20.0,controlledPause,0.0
FeedRateNominalPET,20.0,deliveredFeedGH,95.85599043482054
FeedRateNominalPET,20.0,der(feedInventoryG),0.0
FeedRateNominalPET,20.0,feedInventoryG,20.0
FeedRateNominalPET,20.0,feederCurrentA,2.768105142857144
FeedRateNominalPET,20.0,feederTorqueNm,1.413227067669174
FeedRateNominalPET,20.0,inventoryBounded,1.0
FeedRateNominalPET,20.0,uncontrolledOverfeed,0.0
FeedRateDegradedSafePause,0.0,attachmentReactionTorqueNm,2.2
FeedRateDegradedSafePause,0.0,attachmentVerticalLoadN,5.4
FeedRateDegradedSafePause,0.0,bridgeClearCycles,0.0
FeedRateDegradedSafePause,0.0,continuousStarvationS,0.0
FeedRateDegradedSafePause,0.0,controlledPause,1.0
FeedRateDegradedSafePause,0.0,deliveredFeedGH,75.0
FeedRateDegradedSafePause,0.0,der(feedInventoryG),0.0
FeedRateDegradedSafePause,0.0,feedInventoryG,20.0
FeedRateDegradedSafePause,0.0,feederCurrentA,3.74
FeedRateDegradedSafePause,0.0,feederTorqueNm,2.05
FeedRateDegradedSafePause,0.0,inventoryBounded,1.0
FeedRateDegradedSafePause,0.0,uncontrolledOverfeed,0.0
FeedRateDegradedSafePause,5.0,attachmentReactionTorqueNm,2.2
FeedRateDegradedSafePause,5.0,attachmentVerticalLoadN,5.4
FeedRateDegradedSafePause,5.0,bridgeClearCycles,0.0
FeedRateDegradedSafePause,5.0,continuousStarvationS,0.0
FeedRateDegradedSafePause,5.0,controlledPause,1.0
FeedRateDegradedSafePause,5.0,deliveredFeedGH,75.0
FeedRateDegradedSafePause,5.0,der(feedInventoryG),0.0
FeedRateDegradedSafePause,5.0,feedInventoryG,20.0
FeedRateDegradedSafePause,5.0,feederCurrentA,3.74
FeedRateDegradedSafePause,5.0,feederTorqueNm,2.05
FeedRateDegradedSafePause,5.0,inventoryBounded,1.0
FeedRateDegradedSafePause,5.0,uncontrolledOverfeed,0.0
FeedRateDegradedSafePause,10.05,attachmentReactionTorqueNm,2.2
FeedRateDegradedSafePause,10.05,attachmentVerticalLoadN,5.4
FeedRateDegradedSafePause,10.05,bridgeClearCycles,0.0
FeedRateDegradedSafePause,10.05,continuousStarvationS,0.0
FeedRateDegradedSafePause,10.05,controlledPause,1.0
FeedRateDegradedSafePause,10.05,deliveredFeedGH,75.0
FeedRateDegradedSafePause,10.05,der(feedInventoryG),0.0
FeedRateDegradedSafePause,10.05,feedInventoryG,20.0
FeedRateDegradedSafePause,10.05,feederCurrentA,3.74
FeedRateDegradedSafePause,10.05,feederTorqueNm,2.05
FeedRateDegradedSafePause,10.05,inventoryBounded,1.0
FeedRateDegradedSafePause,10.05,uncontrolledOverfeed,0.0
FeedRateDegradedSafePause,15.05,attachmentReactionTorqueNm,2.2
FeedRateDegradedSafePause,15.05,attachmentVerticalLoadN,5.4
FeedRateDegradedSafePause,15.05,bridgeClearCycles,0.0
FeedRateDegradedSafePause,15.05,continuousStarvationS,0.0
FeedRateDegradedSafePause,15.05,controlledPause,1.0
FeedRateDegradedSafePause,15.05,deliveredFeedGH,75.0
FeedRateDegradedSafePause,15.05,der(feedInventoryG),0.0
FeedRateDegradedSafePause,15.05,feedInventoryG,20.0
FeedRateDegradedSafePause,15.05,feederCurrentA,3.74
FeedRateDegradedSafePause,15.05,feederTorqueNm,2.05
FeedRateDegradedSafePause,15.05,inventoryBounded,1.0
FeedRateDegradedSafePause,15.05,uncontrolledOverfeed,0.0
FeedRateDegradedSafePause,20.0,attachmentReactionTorqueNm,2.2
FeedRateDegradedSafePause,20.0,attachmentVerticalLoadN,5.4
FeedRateDegradedSafePause,20.0,bridgeClearCycles,0.0
FeedRateDegradedSafePause,20.0,continuousStarvationS,0.0
FeedRateDegradedSafePause,20.0,controlledPause,1.0
FeedRateDegradedSafePause,20.0,deliveredFeedGH,75.0
FeedRateDegradedSafePause,20.0,der(feedInventoryG),0.0
FeedRateDegradedSafePause,20.0,feedInventoryG,20.0
FeedRateDegradedSafePause,20.0,feederCurrentA,3.74
FeedRateDegradedSafePause,20.0,feederTorqueNm,2.05
FeedRateDegradedSafePause,20.0,inventoryBounded,1.0
FeedRateDegradedSafePause,20.0,uncontrolledOverfeed,0.0
ActuatorDeadZoneRecovery,0.0,actualRpm,0.0
ActuatorDeadZoneRecovery,0.0,appliedLoadRpm,0.0
ActuatorDeadZoneRecovery,0.0,bearingLoadN,800.0
ActuatorDeadZoneRecovery,0.0,chainForceN,250.0
ActuatorDeadZoneRecovery,0.0,commandRpm,15.428
ActuatorDeadZoneRecovery,0.0,continuousRegion,1.0
ActuatorDeadZoneRecovery,0.0,controlledRundown,0.0
ActuatorDeadZoneRecovery,0.0,cutterTorqueNm,12.0
ActuatorDeadZoneRecovery,0.0,der(actualRpm),34.28444444444444
ActuatorDeadZoneRecovery,0.0,der(speedIntegrator),5.51
ActuatorDeadZoneRecovery,0.0,phaseTorqueNm,8.0
ActuatorDeadZoneRecovery,0.0,pwmFraction,0.4588130718954249
ActuatorDeadZoneRecovery,0.0,saturated,0.0
ActuatorDeadZoneRecovery,0.0,speedErrorRpm,5.51
ActuatorDeadZoneRecovery,0.0,speedIntegrator,0.0
ActuatorDeadZoneRecovery,0.0,tachValid,1.0
ActuatorDeadZoneRecovery,0.0,unconstrainedCommandRpm,15.428
ActuatorDeadZoneRecovery,4.95,actualRpm,5.55868582586147
ActuatorDeadZoneRecovery,4.95,appliedLoadRpm,0.0
ActuatorDeadZoneRecovery,4.95,bearingLoadN,1856.544175556756
ActuatorDeadZoneRecovery,4.95,chainForceN,602.7336257714462
ActuatorDeadZoneRecovery,4.95,commandRpm,5.548541529291778
ActuatorDeadZoneRecovery,4.95,continuousRegion,1.0
ActuatorDeadZoneRecovery,4.95,controlledRundown,0.0
ActuatorDeadZoneRecovery,4.95,cutterTorqueNm,21.99375000440007
ActuatorDeadZoneRecovery,4.95,der(actualRpm),-0.02254288126598385
ActuatorDeadZoneRecovery,4.95,der(speedIntegrator),-0.04868582586147063
ActuatorDeadZoneRecovery,4.95,phaseTorqueNm,20.00049692324236
ActuatorDeadZoneRecovery,4.95,pwmFraction,0.2780125247190652
ActuatorDeadZoneRecovery,4.95,saturated,0.0
ActuatorDeadZoneRecovery,4.95,speedErrorRpm,-0.04868582586147063
ActuatorDeadZoneRecovery,4.95,speedIntegrator,0.1051466798686876
ActuatorDeadZoneRecovery,4.95,tachValid,1.0
ActuatorDeadZoneRecovery,4.95,unconstrainedCommandRpm,5.548541529291778
ActuatorDeadZoneRecovery,9.95,actualRpm,5.514807022614577
ActuatorDeadZoneRecovery,9.95,appliedLoadRpm,0.0
ActuatorDeadZoneRecovery,9.95,bearingLoadN,800.0
ActuatorDeadZoneRecovery,9.95,chainForceN,250.0
ActuatorDeadZoneRecovery,9.95,commandRpm,5.513805419503411
ActuatorDeadZoneRecovery,9.95,continuousRegion,1.0
ActuatorDeadZoneRecovery,9.95,controlledRundown,0.0
ActuatorDeadZoneRecovery,9.95,cutterTorqueNm,12.0
ActuatorDeadZoneRecovery,9.95,der(actualRpm),-0.002225784691479838
ActuatorDeadZoneRecovery,9.95,der(speedIntegrator),-0.004807022614577328
ActuatorDeadZoneRecovery,9.95,phaseTorqueNm,8.0
ActuatorDeadZoneRecovery,9.95,pwmFraction,0.2773768312065984
ActuatorDeadZoneRecovery,9.95,saturated,0.0
ActuatorDeadZoneRecovery,9.95,speedErrorRpm,-0.004807022614577328
ActuatorDeadZoneRecovery,9.95,speedIntegrator,0.01038171684137496
ActuatorDeadZoneRecovery,9.95,tachValid,1.0
ActuatorDeadZoneRecovery,9.95,unconstrainedCommandRpm,5.513805419503411
ActuatorDeadZoneRecovery,15.0,actualRpm,5.510464110821464
ActuatorDeadZoneRecovery,15.0,appliedLoadRpm,0.0
ActuatorDeadZoneRecovery,15.0,bearingLoadN,800.0
ActuatorDeadZoneRecovery,15.0,chainForceN,250.0
ActuatorDeadZoneRecovery,15.0,commandRpm,5.510367407542362
ActuatorDeadZoneRecovery,15.0,continuousRegion,1.0
ActuatorDeadZoneRecovery,15.0,controlledRundown,0.0
ActuatorDeadZoneRecovery,15.0,cutterTorqueNm,12.0
ActuatorDeadZoneRecovery,15.0,der(actualRpm),-0.0002148961757815944
ActuatorDeadZoneRecovery,15.0,der(speedIntegrator),-0.0004641108214640255
ActuatorDeadZoneRecovery,15.0,phaseTorqueNm,8.0
ActuatorDeadZoneRecovery,15.0,pwmFraction,0.2773139133406445
ActuatorDeadZoneRecovery,15.0,saturated,0.0
ActuatorDeadZoneRecovery,15.0,speedErrorRpm,-0.0004641108214640255
ActuatorDeadZoneRecovery,15.0,speedIntegrator,0.001002339184164459
ActuatorDeadZoneRecovery,15.0,tachValid,1.0
ActuatorDeadZoneRecovery,15.0,unconstrainedCommandRpm,5.510367407542362
ActuatorDeadZoneRecovery,20.0,actualRpm,5.510045907148979
ActuatorDeadZoneRecovery,20.0,appliedLoadRpm,0.0
ActuatorDeadZoneRecovery,20.0,bearingLoadN,800.0
ActuatorDeadZoneRecovery,20.0,chainForceN,250.0
ActuatorDeadZoneRecovery,20.0,commandRpm,5.510036341821884
ActuatorDeadZoneRecovery,20.0,continuousRegion,1.0
ActuatorDeadZoneRecovery,20.0,controlledRundown,0.0
ActuatorDeadZoneRecovery,20.0,cutterTorqueNm,12.0
ActuatorDeadZoneRecovery,20.0,der(actualRpm),-2.12562824329786e-05
ActuatorDeadZoneRecovery,20.0,der(speedIntegrator),-4.590714897911852e-05
ActuatorDeadZoneRecovery,20.0,phaseTorqueNm,8.0
ActuatorDeadZoneRecovery,20.0,pwmFraction,0.277307854621577
ActuatorDeadZoneRecovery,20.0,saturated,0.0
ActuatorDeadZoneRecovery,20.0,speedErrorRpm,-4.590714897911852e-05
ActuatorDeadZoneRecovery,20.0,speedIntegrator,9.914557503878537e-05
ActuatorDeadZoneRecovery,20.0,tachValid,1.0
ActuatorDeadZoneRecovery,20.0,unconstrainedCommandRpm,5.510036341821884
ActuatorSaturationRecovery,0.0,actualRpm,0.0
ActuatorSaturationRecovery,0.0,appliedLoadRpm,0.0
ActuatorSaturationRecovery,0.0,bearingLoadN,800.0
ActuatorSaturationRecovery,0.0,chainForceN,250.0
ActuatorSaturationRecovery,0.0,commandRpm,25.0
ActuatorSaturationRecovery,0.0,continuousRegion,1.0
ActuatorSaturationRecovery,0.0,controlledRundown,0.0
ActuatorSaturationRecovery,0.0,cutterTorqueNm,12.0
ActuatorSaturationRecovery,0.0,der(actualRpm),55.55555555555556
ActuatorSaturationRecovery,0.0,der(speedIntegrator),0.1600000000000019
ActuatorSaturationRecovery,0.0,phaseTorqueNm,8.0
ActuatorSaturationRecovery,0.0,pwmFraction,1.0
ActuatorSaturationRecovery,0.0,saturated,1.0
ActuatorSaturationRecovery,0.0,speedErrorRpm,16.0
ActuatorSaturationRecovery,0.0,speedIntegrator,0.0
ActuatorSaturationRecovery,0.0,tachValid,1.0
ActuatorSaturationRecovery,0.0,unconstrainedCommandRpm,44.8
ActuatorSaturationRecovery,4.85,actualRpm,8.095306537168753
ActuatorSaturationRecovery,4.85,appliedLoadRpm,18.0
ActuatorSaturationRecovery,4.85,bearingLoadN,1856.544175556756
ActuatorSaturationRecovery,4.85,chainForceN,602.7336257714462
ActuatorSaturationRecovery,4.85,commandRpm,25.0
ActuatorSaturationRecovery,4.85,continuousRegion,1.0
ActuatorSaturationRecovery,4.85,controlledRundown,0.0
ActuatorSaturationRecovery,4.85,cutterTorqueNm,21.99375000440007
ActuatorSaturationRecovery,4.85,der(actualRpm),-2.434014527041673
ActuatorSaturationRecovery,4.85,der(speedIntegrator),1.336166110379875
ActuatorSaturationRecovery,4.85,phaseTorqueNm,20.00049692324236
ActuatorSaturationRecovery,4.85,pwmFraction,1.0
ActuatorSaturationRecovery,4.85,saturated,1.0
ActuatorSaturationRecovery,4.85,speedErrorRpm,7.904693462831247
ActuatorSaturationRecovery,4.85,speedIntegrator,2.485175797889972
ActuatorSaturationRecovery,4.85,tachValid,1.0
ActuatorSaturationRecovery,4.85,unconstrainedCommandRpm,33.21065919056421
ActuatorSaturationRecovery,9.8,actualRpm,16.61118541408692
ActuatorSaturationRecovery,9.8,appliedLoadRpm,0.0
ActuatorSaturationRecovery,9.8,bearingLoadN,800.0
ActuatorSaturationRecovery,9.8,chainForceN,250.0
ActuatorSaturationRecovery,9.8,commandRpm,16.48383677074256
ActuatorSaturationRecovery,9.8,continuousRegion,1.0
ActuatorSaturationRecovery,9.8,controlledRundown,0.0
ActuatorSaturationRecovery,9.8,cutterTorqueNm,12.0
ActuatorSaturationRecovery,9.8,der(actualRpm),-0.2829969852096939
ActuatorSaturationRecovery,9.8,der(speedIntegrator),-0.6111854140869184
ActuatorSaturationRecovery,9.8,phaseTorqueNm,8.0
ActuatorSaturationRecovery,9.8,pwmFraction,0.7104504502052469
ActuatorSaturationRecovery,9.8,saturated,0.0
ActuatorSaturationRecovery,9.8,speedErrorRpm,-0.6111854140869184
ActuatorSaturationRecovery,9.8,speedIntegrator,1.319975430082509
ActuatorSaturationRecovery,9.8,tachValid,1.0
ActuatorSaturationRecovery,9.8,unconstrainedCommandRpm,16.48383677074256
ActuatorSaturationRecovery,14.95,actualRpm,16.05630636424615
ActuatorSaturationRecovery,14.95,appliedLoadRpm,0.0
ActuatorSaturationRecovery,14.95,bearingLoadN,800.0
ActuatorSaturationRecovery,14.95,chainForceN,250.0
ActuatorSaturationRecovery,14.95,commandRpm,16.04457422850128
ActuatorSaturationRecovery,14.95,continuousRegion,1.0
ActuatorSaturationRecovery,14.95,controlledRundown,0.0
ActuatorSaturationRecovery,14.95,cutterTorqueNm,12.0
ActuatorSaturationRecovery,14.95,der(actualRpm),-0.02607141276638143
ActuatorSaturationRecovery,14.95,der(speedIntegrator),-0.05630636424614721
ActuatorSaturationRecovery,14.95,phaseTorqueNm,8.0
ActuatorSaturationRecovery,14.95,pwmFraction,0.6955155237690434
ActuatorSaturationRecovery,14.95,saturated,0.0
ActuatorSaturationRecovery,14.95,speedErrorRpm,-0.05630636424614721
ActuatorSaturationRecovery,14.95,speedIntegrator,0.1216047367869523
ActuatorSaturationRecovery,14.95,tachValid,1.0
ActuatorSaturationRecovery,14.95,unconstrainedCommandRpm,16.04457422850128
ActuatorSaturationRecovery,20.0,actualRpm,16.00543322287296
ActuatorSaturationRecovery,20.0,appliedLoadRpm,0.0
ActuatorSaturationRecovery,20.0,bearingLoadN,800.0
ActuatorSaturationRecovery,20.0,chainForceN,250.0
ActuatorSaturationRecovery,20.0,commandRpm,16.0043011431399
ActuatorSaturationRecovery,20.0,continuousRegion,1.0
ActuatorSaturationRecovery,20.0,controlledRundown,0.0
ActuatorSaturationRecovery,20.0,cutterTorqueNm,12.0
ActuatorSaturationRecovery,20.0,der(actualRpm),-0.002515732740135945
ActuatorSaturationRecovery,20.0,der(speedIntegrator),-0.005433222872962773
ActuatorSaturationRecovery,20.0,phaseTorqueNm,8.0
ActuatorSaturationRecovery,20.0,pwmFraction,0.6941462388667566
ActuatorSaturationRecovery,20.0,saturated,0.0
ActuatorSaturationRecovery,20.0,speedErrorRpm,-0.005433222872962773
ActuatorSaturationRecovery,20.0,speedIntegrator,0.01173412025936418
ActuatorSaturationRecovery,20.0,tachValid,1.0
ActuatorSaturationRecovery,20.0,unconstrainedCommandRpm,16.0043011431399
ActuatorTachLossRundown,0.0,actualRpm,0.0
ActuatorTachLossRundown,0.0,appliedLoadRpm,0.0
ActuatorTachLossRundown,0.0,bearingLoadN,800.0
ActuatorTachLossRundown,0.0,chainForceN,250.0
ActuatorTachLossRundown,0.0,commandRpm,25.0
ActuatorTachLossRundown,0.0,continuousRegion,1.0
ActuatorTachLossRundown,0.0,controlledRundown,0.0
ActuatorTachLossRundown,0.0,cutterTorqueNm,12.0
ActuatorTachLossRundown,0.0,der(actualRpm),55.55555555555556
ActuatorTachLossRundown,0.0,der(speedIntegrator),0.1600000000000019
ActuatorTachLossRundown,0.0,phaseTorqueNm,8.0
ActuatorTachLossRundown,0.0,pwmFraction,1.0
ActuatorTachLossRundown,0.0,saturated,1.0
ActuatorTachLossRundown,0.0,speedErrorRpm,16.0
ActuatorTachLossRundown,0.0,speedIntegrator,0.0
ActuatorTachLossRundown,0.0,tachValid,1.0
ActuatorTachLossRundown,0.0,unconstrainedCommandRpm,44.8
ActuatorTachLossRundown,4.9,actualRpm,16.09036845623886
ActuatorTachLossRundown,4.9,appliedLoadRpm,0.0
ActuatorTachLossRundown,4.9,bearingLoadN,1856.544175556756
ActuatorTachLossRundown,4.9,chainForceN,602.7336257714462
ActuatorTachLossRundown,4.9,commandRpm,16.07153905705146
ActuatorTachLossRundown,4.9,continuousRegion,1.0
ActuatorTachLossRundown,4.9,controlledRundown,0.0
ActuatorTachLossRundown,4.9,cutterTorqueNm,21.99375000440007
ActuatorTachLossRundown,4.9,der(actualRpm),-0.04184310930533286
ActuatorTachLossRundown,4.9,der(speedIntegrator),-0.09036845623885625
ActuatorTachLossRundown,4.9,phaseTorqueNm,20.00049692324236
ActuatorTachLossRundown,4.9,pwmFraction,0.6964323279397495
ActuatorTachLossRundown,4.9,saturated,0.0
ActuatorTachLossRundown,4.9,speedErrorRpm,-0.09036845623885625
ActuatorTachLossRundown,4.9,speedIntegrator,0.195168565234497
ActuatorTachLossRundown,4.9,tachValid,1.0
ActuatorTachLossRundown,4.9,unconstrainedCommandRpm,16.07153905705146
ActuatorTachLossRundown,9.85,actualRpm,0.0003354511143102486
ActuatorTachLossRundown,9.85,appliedLoadRpm,0.0
ActuatorTachLossRundown,9.85,bearingLoadN,800.0
ActuatorTachLossRundown,9.85,chainForceN,250.0
ActuatorTachLossRundown,9.85,commandRpm,0.0
ActuatorTachLossRundown,9.85,continuousRegion,1.0
ActuatorTachLossRundown,9.85,controlledRundown,1.0
ActuatorTachLossRundown,9.85,cutterTorqueNm,12.0
ActuatorTachLossRundown,9.85,der(actualRpm),-0.0007454469206894412
ActuatorTachLossRundown,9.85,der(speedIntegrator),0.0
ActuatorTachLossRundown,9.85,phaseTorqueNm,8.0
ActuatorTachLossRundown,9.85,pwmFraction,0.0
ActuatorTachLossRundown,9.85,saturated,0.0
ActuatorTachLossRundown,9.85,speedErrorRpm,0.0
ActuatorTachLossRundown,9.85,speedIntegrator,0.1863379629954877
ActuatorTachLossRundown,9.85,tachValid,0.0
ActuatorTachLossRundown,9.85,unconstrainedCommandRpm,0.0
ActuatorTachLossRundown,14.95,actualRpm,1.967796318086502e-08
ActuatorTachLossRundown,14.95,appliedLoadRpm,0.0
ActuatorTachLossRundown,14.95,bearingLoadN,800.0
ActuatorTachLossRundown,14.95,chainForceN,250.0
ActuatorTachLossRundown,14.95,commandRpm,0.0
ActuatorTachLossRundown,14.95,continuousRegion,1.0
ActuatorTachLossRundown,14.95,controlledRundown,1.0
ActuatorTachLossRundown,14.95,cutterTorqueNm,12.0
ActuatorTachLossRundown,14.95,der(actualRpm),-4.372880706858893e-08
ActuatorTachLossRundown,14.95,der(speedIntegrator),0.0
ActuatorTachLossRundown,14.95,phaseTorqueNm,8.0
ActuatorTachLossRundown,14.95,pwmFraction,0.0
ActuatorTachLossRundown,14.95,saturated,0.0
ActuatorTachLossRundown,14.95,speedErrorRpm,0.0
ActuatorTachLossRundown,14.95,speedIntegrator,0.1863379629954877
ActuatorTachLossRundown,14.95,tachValid,0.0
ActuatorTachLossRundown,14.95,unconstrainedCommandRpm,0.0
ActuatorTachLossRundown,20.0,actualRpm,4.566843413194926e-10
ActuatorTachLossRundown,20.0,appliedLoadRpm,0.0
ActuatorTachLossRundown,20.0,bearingLoadN,800.0
ActuatorTachLossRundown,20.0,chainForceN,250.0
ActuatorTachLossRundown,20.0,commandRpm,0.0
ActuatorTachLossRundown,20.0,continuousRegion,1.0
ActuatorTachLossRundown,20.0,controlledRundown,1.0
ActuatorTachLossRundown,20.0,cutterTorqueNm,12.0
ActuatorTachLossRundown,20.0,der(actualRpm),-1.014854091821095e-09
ActuatorTachLossRundown,20.0,der(speedIntegrator),0.0
ActuatorTachLossRundown,20.0,phaseTorqueNm,8.0
ActuatorTachLossRundown,20.0,pwmFraction,0.0
ActuatorTachLossRundown,20.0,saturated,0.0
ActuatorTachLossRundown,20.0,speedErrorRpm,0.0
ActuatorTachLossRundown,20.0,speedIntegrator,0.1863379629954877
ActuatorTachLossRundown,20.0,tachValid,0.0
ActuatorTachLossRundown,20.0,unconstrainedCommandRpm,0.0
