Ref,Val,Package,PosX,PosY,Rot,Side
"C1","100n X7R","C_Disc_D5.0mm_W2.5mm_P2.50mm",145.415000,-35.560000,-90.000000,top
"D1","1N4148-TAP","D_DO-35_SOD27_P7.62mm_Horizontal",42.545000,-10.160000,0.000000,top
"D2","1N4148-TAP","D_DO-35_SOD27_P7.62mm_Horizontal",42.545000,-23.495000,0.000000,top
"D3","1N4148-TAP","D_DO-35_SOD27_P7.62mm_Horizontal",42.545000,-36.830000,0.000000,top
"D4","1N4148-TAP","D_DO-35_SOD27_P7.62mm_Horizontal",42.545000,-50.165000,0.000000,top
"D5","1N4148-TAP","D_DO-35_SOD27_P7.62mm_Horizontal",42.545000,-63.500000,0.000000,top
"D6","1N4148-TAP","D_DO-35_SOD27_P7.62mm_Horizontal",42.545000,-76.835000,0.000000,top
"D7","1N4148-TAP","D_DO-35_SOD27_P7.62mm_Horizontal",42.545000,-90.170000,0.000000,top
"D8","1N4148-TAP","D_DO-35_SOD27_P7.62mm_Horizontal",42.545000,-103.505000,0.000000,top
"FID1","FIDUCIAL_1MM","Fiducial_1mm_Mask2mm",15.000000,-5.000000,0.000000,top
"FID2","FIDUCIAL_1MM","Fiducial_1mm_Mask2mm",175.000000,-5.000000,0.000000,top
"FID3","FIDUCIAL_1MM","Fiducial_1mm_Mask2mm",175.000000,-125.000000,0.000000,top
"J1","FIELD_DRY_CONTACTS","PinHeader_2x10_P2.54mm_Vertical",7.620000,-45.720000,0.000000,top
"J2","MEGA_DIAGNOSTICS","PinHeader_1x10_P2.54mm_Vertical",91.440000,-43.180000,0.000000,top
"J3","MEGA_COMMANDS","PinHeader_1x10_P2.54mm_Vertical",109.220000,-12.700000,0.000000,top
"J4","EXTERNAL_DRIVER_COMMANDS","PinHeader_1x10_P2.54mm_Vertical",182.880000,-12.700000,0.000000,top
"R1","4.7k 1%","R_Axial_DIN0207_L6.3mm_D2.5mm_P10.16mm_Horizontal",27.940000,-10.160000,0.000000,top
"R2","4.7k 1%","R_Axial_DIN0207_L6.3mm_D2.5mm_P10.16mm_Horizontal",27.940000,-23.495000,0.000000,top
"R3","4.7k 1%","R_Axial_DIN0207_L6.3mm_D2.5mm_P10.16mm_Horizontal",27.940000,-36.830000,0.000000,top
"R4","4.7k 1%","R_Axial_DIN0207_L6.3mm_D2.5mm_P10.16mm_Horizontal",27.940000,-50.165000,0.000000,top
"R5","4.7k 1%","R_Axial_DIN0207_L6.3mm_D2.5mm_P10.16mm_Horizontal",27.940000,-63.500000,0.000000,top
"R6","4.7k 1%","R_Axial_DIN0207_L6.3mm_D2.5mm_P10.16mm_Horizontal",27.940000,-76.835000,0.000000,top
"R7","4.7k 1%","R_Axial_DIN0207_L6.3mm_D2.5mm_P10.16mm_Horizontal",27.940000,-90.170000,0.000000,top
"R8","4.7k 1%","R_Axial_DIN0207_L6.3mm_D2.5mm_P10.16mm_Horizontal",27.940000,-103.505000,0.000000,top
"R9","10k 1%","R_Axial_DIN0207_L6.3mm_D2.5mm_P10.16mm_Horizontal",70.485000,-10.160000,0.000000,top
"R10","10k 1%","R_Axial_DIN0207_L6.3mm_D2.5mm_P10.16mm_Horizontal",70.485000,-23.495000,0.000000,top
"R11","10k 1%","R_Axial_DIN0207_L6.3mm_D2.5mm_P10.16mm_Horizontal",70.485000,-36.830000,0.000000,top
"R12","10k 1%","R_Axial_DIN0207_L6.3mm_D2.5mm_P10.16mm_Horizontal",70.485000,-50.165000,0.000000,top
"R13","10k 1%","R_Axial_DIN0207_L6.3mm_D2.5mm_P10.16mm_Horizontal",70.485000,-63.500000,0.000000,top
"R14","10k 1%","R_Axial_DIN0207_L6.3mm_D2.5mm_P10.16mm_Horizontal",70.485000,-76.835000,0.000000,top
"R15","10k 1%","R_Axial_DIN0207_L6.3mm_D2.5mm_P10.16mm_Horizontal",70.485000,-90.170000,0.000000,top
"R16","10k 1%","R_Axial_DIN0207_L6.3mm_D2.5mm_P10.16mm_Horizontal",70.485000,-103.505000,0.000000,top
"R17","47k 1%","R_Axial_DIN0207_L6.3mm_D2.5mm_P10.16mm_Horizontal",116.840000,-10.160000,0.000000,top
"R18","47k 1%","R_Axial_DIN0207_L6.3mm_D2.5mm_P10.16mm_Horizontal",116.840000,-22.225000,0.000000,top
"R19","47k 1%","R_Axial_DIN0207_L6.3mm_D2.5mm_P10.16mm_Horizontal",116.840000,-34.290000,0.000000,top
"R20","47k 1%","R_Axial_DIN0207_L6.3mm_D2.5mm_P10.16mm_Horizontal",116.840000,-46.355000,0.000000,top
"R21","47k 1%","R_Axial_DIN0207_L6.3mm_D2.5mm_P10.16mm_Horizontal",116.840000,-58.420000,0.000000,top
"R22","47k 1%","R_Axial_DIN0207_L6.3mm_D2.5mm_P10.16mm_Horizontal",116.840000,-70.485000,0.000000,top
"R23","47k 1%","R_Axial_DIN0207_L6.3mm_D2.5mm_P10.16mm_Horizontal",116.840000,-82.550000,0.000000,top
"R24","47k 1%","R_Axial_DIN0207_L6.3mm_D2.5mm_P10.16mm_Horizontal",116.840000,-94.615000,0.000000,top
"R25","100R 1%","R_Axial_DIN0207_L6.3mm_D2.5mm_P10.16mm_Horizontal",148.590000,-10.160000,0.000000,top
"R26","100R 1%","R_Axial_DIN0207_L6.3mm_D2.5mm_P10.16mm_Horizontal",148.590000,-22.225000,0.000000,top
"R27","100R 1%","R_Axial_DIN0207_L6.3mm_D2.5mm_P10.16mm_Horizontal",148.590000,-34.290000,0.000000,top
"R28","100R 1%","R_Axial_DIN0207_L6.3mm_D2.5mm_P10.16mm_Horizontal",148.590000,-46.355000,0.000000,top
"R29","100R 1%","R_Axial_DIN0207_L6.3mm_D2.5mm_P10.16mm_Horizontal",148.590000,-58.420000,0.000000,top
"R30","100R 1%","R_Axial_DIN0207_L6.3mm_D2.5mm_P10.16mm_Horizontal",148.590000,-70.485000,0.000000,top
"R31","100R 1%","R_Axial_DIN0207_L6.3mm_D2.5mm_P10.16mm_Horizontal",148.590000,-82.550000,0.000000,top
"R32","100R 1%","R_Axial_DIN0207_L6.3mm_D2.5mm_P10.16mm_Horizontal",148.590000,-94.615000,0.000000,top
"R33","47k 1%","R_Axial_DIN0207_L6.3mm_D2.5mm_P10.16mm_Horizontal",163.830000,-10.160000,0.000000,top
"R34","47k 1%","R_Axial_DIN0207_L6.3mm_D2.5mm_P10.16mm_Horizontal",163.830000,-22.225000,0.000000,top
"R35","47k 1%","R_Axial_DIN0207_L6.3mm_D2.5mm_P10.16mm_Horizontal",163.830000,-34.290000,0.000000,top
"R36","47k 1%","R_Axial_DIN0207_L6.3mm_D2.5mm_P10.16mm_Horizontal",163.830000,-46.355000,0.000000,top
"R37","47k 1%","R_Axial_DIN0207_L6.3mm_D2.5mm_P10.16mm_Horizontal",163.830000,-58.420000,0.000000,top
"R38","47k 1%","R_Axial_DIN0207_L6.3mm_D2.5mm_P10.16mm_Horizontal",163.830000,-70.485000,0.000000,top
"R39","47k 1%","R_Axial_DIN0207_L6.3mm_D2.5mm_P10.16mm_Horizontal",163.830000,-82.550000,0.000000,top
"R40","47k 1%","R_Axial_DIN0207_L6.3mm_D2.5mm_P10.16mm_Horizontal",163.830000,-94.615000,0.000000,top
"U1","LTV-817S-TA1","SMDIP-4_W9.53mm",59.372500,-10.160000,0.000000,top
"U2","LTV-817S-TA1","SMDIP-4_W9.53mm",59.372500,-23.495000,0.000000,top
"U3","LTV-817S-TA1","SMDIP-4_W9.53mm",59.372500,-36.830000,0.000000,top
"U4","LTV-817S-TA1","SMDIP-4_W9.53mm",59.372500,-50.165000,0.000000,top
"U5","LTV-817S-TA1","SMDIP-4_W9.53mm",59.372500,-63.500000,0.000000,top
"U6","LTV-817S-TA1","SMDIP-4_W9.53mm",59.372500,-76.835000,0.000000,top
"U7","LTV-817S-TA1","SMDIP-4_W9.53mm",59.372500,-90.170000,0.000000,top
"U8","LTV-817S-TA1","SMDIP-4_W9.53mm",59.372500,-103.505000,0.000000,top
"U9","SN74AHCT541N","DIP-20_W7.62mm_LongPads",134.620000,-35.560000,0.000000,top
