material_id,polymer,form,case_id,bulk_density_kg_m3,aspect_ratio,wall_friction,inter_particle_friction,throat_fill,agitator_rpm,auger_rpm,screen_discharge_variability,bridge_index,bridge_clear_cycles,mass_per_rev_g,unobstructed_feed_g_h,effective_feed_g_h,estimated_torque_nm,estimated_current_a
PLA_SUPPORT,PLA,support fragments,center,320,2.5,0.32,0.38,0.66,14.0,12.0,0.2,0.3244285714285714,2,0.3394885245179133,244.43173765289757,230.15762255036165,1.0741428571428573,2.252697142857143
PLA_SUPPORT,PLA,support fragments,oat_bulk_density_kg_m3_low,250,2.5,0.32,0.38,0.66,14.0,12.0,0.2,0.3244285714285714,2,0.2652254097796197,190.9622950413262,179.81064261747002,1.0741428571428573,2.252697142857143
PLA_SUPPORT,PLA,support fragments,oat_bulk_density_kg_m3_high,390,2.5,0.32,0.38,0.66,14.0,12.0,0.2,0.3244285714285714,2,0.4137516392562068,297.9011802644689,280.5046024832533,1.0741428571428573,2.252697142857143
PLA_SUPPORT,PLA,support fragments,oat_aspect_ratio_low,320,1.5,0.32,0.38,0.66,14.0,12.0,0.2,0.24842857142857142,1,0.35189195454433836,253.3622072719236,242.03257325474394,0.9861428571428572,2.118937142857143
PLA_SUPPORT,PLA,support fragments,oat_aspect_ratio_high,320,4.0,0.32,0.38,0.66,14.0,12.0,0.2,0.4384285714285715,2,0.3208833794782756,231.03603322435845,212.80332958524414,1.206142857142857,2.4533371428571424
PLA_SUPPORT,PLA,support fragments,oat_wall_friction_low,320,2.5,0.26,0.38,0.66,14.0,12.0,0.2,0.2472857142857143,1,0.36938965047447386,265.9605483416212,254.12226439129515,0.8470000000000001,1.9074400000000002
PLA_SUPPORT,PLA,support fragments,oat_wall_friction_high,320,2.5,0.4,0.38,0.66,14.0,12.0,0.2,0.42728571428571427,2,0.29962035657583247,215.72665673459937,199.13481138420315,1.3770000000000002,2.7130400000000003
PLA_SUPPORT,PLA,support fragments,oat_inter_particle_friction_low,320,2.5,0.32,0.3,0.66,14.0,12.0,0.2,0.2294285714285714,1,0.3646829917590893,262.5717540665443,251.72829082860767,0.8491428571428572,1.9106971428571429
PLA_SUPPORT,PLA,support fragments,oat_inter_particle_friction_high,320,2.5,0.32,0.46,0.66,14.0,12.0,0.2,0.4194285714285715,2,0.31429405727673715,226.29172123925073,209.2073428334623,1.2991428571428574,2.594697142857143
PLA_SUPPORT,PLA,support fragments,oat_agitator_rpm_low,320,2.5,0.32,0.38,0.66,8.0,12.0,0.2,0.41871428571428565,2,0.3394885245179133,244.43173765289757,226.0092667741953,1.0741428571428573,2.252697142857143
PLA_SUPPORT,PLA,support fragments,oat_agitator_rpm_high,320,2.5,0.32,0.38,0.66,20.0,12.0,0.2,0.23014285714285707,1,0.3394885245179133,244.43173765289757,234.30597832652796,1.0741428571428573,2.252697142857143
PLA_SUPPORT,PLA,support fragments,oat_auger_rpm_low,320,2.5,0.32,0.38,0.66,14.0,4.0,0.2,0.3244285714285714,2,0.3394885245179133,81.4772458842992,76.71920751678722,0.9781428571428572,2.106777142857143
PLA_SUPPORT,PLA,support fragments,oat_auger_rpm_high,320,2.5,0.32,0.38,0.66,14.0,20.0,0.2,0.3244285714285714,2,0.3394885245179133,407.38622942149595,383.5960375839361,1.1701428571428572,2.398617142857143
PLA_SUPPORT,PLA,support fragments,oat_throat_fill_low,320,2.5,0.32,0.38,0.58,14.0,12.0,0.2,0.39442857142857146,2,0.320108165101624,230.47787887316926,214.1146079813996,0.9841428571428571,2.115897142857143
PLA_SUPPORT,PLA,support fragments,oat_throat_fill_high,320,2.5,0.32,0.38,0.74,14.0,12.0,0.2,0.25442857142857145,1,0.3588688839342025,258.3855964326258,246.55227436057277,1.1641428571428571,2.389497142857143
PLA_SUPPORT,PLA,support fragments,oat_screen_discharge_variability_low,320,2.5,0.32,0.38,0.66,14.0,12.0,0.05,0.3004285714285714,2,0.3394885245179133,244.43173765289757,231.21356765702217,1.0741428571428573,2.252697142857143
PLA_SUPPORT,PLA,support fragments,oat_screen_discharge_variability_high,320,2.5,0.32,0.38,0.66,14.0,12.0,0.4,0.3564285714285713,2,0.3394885245179133,244.43173765289757,228.74969574148096,1.0741428571428573,2.252697142857143
PLA_SUPPORT,PLA,support fragments,corner_00,250,1.5,0.26,0.3,0.58,8.0,4.0,0.05,0.2165714285714286,1,0.3028181158795201,72.67634781108482,69.84321612670071,0.348,1.14896
PLA_SUPPORT,PLA,support fragments,corner_01,390,1.5,0.26,0.3,0.58,8.0,20.0,0.05,0.2165714285714286,1,0.47239626077205144,566.8755129264617,544.7770857882656,0.54,1.4408
PLA_SUPPORT,PLA,support fragments,corner_02,250,4.0,0.26,0.3,0.74,8.0,4.0,0.05,0.2665714285714286,1,0.3088744781971105,74.12987476730652,70.57291157632896,0.748,1.7569599999999999
PLA_SUPPORT,PLA,support fragments,corner_03,390,4.0,0.26,0.3,0.74,8.0,20.0,0.05,0.2665714285714286,1,0.4818441859874924,578.2130231849909,550.468710295366,0.94,2.0488
PLA_SUPPORT,PLA,support fragments,corner_04,250,1.5,0.4,0.3,0.58,8.0,4.0,0.4,0.4525714285714286,2,0.24831085502120653,59.594605205089564,54.73985839478238,0.8780000000000001,1.9545600000000003
PLA_SUPPORT,PLA,support fragments,corner_05,390,1.5,0.4,0.3,0.58,8.0,20.0,0.4,0.4525714285714286,2,0.3873649338330822,464.83792059969863,426.9708954793026,1.07,2.2464
PLA_SUPPORT,PLA,support fragments,corner_06,250,4.0,0.4,0.3,0.74,8.0,4.0,0.4,0.5025714285714286,2,0.2543672173387969,61.04813216131126,55.525543702764296,1.278,2.56256
PLA_SUPPORT,PLA,support fragments,corner_07,390,4.0,0.4,0.3,0.74,8.0,20.0,0.4,0.5025714285714286,2,0.3968128590485232,476.17543085822786,433.0992408815615,1.47,2.8544
PLA_SUPPORT,PLA,support fragments,corner_08,250,1.5,0.26,0.46,0.58,8.0,4.0,0.05,0.40657142857142864,2,0.2634517608151825,63.228422595643806,58.601185977458606,0.798,1.83296
PLA_SUPPORT,PLA,support fragments,corner_09,390,1.5,0.26,0.46,0.58,8.0,20.0,0.05,0.40657142857142864,2,0.41098474687168474,493.18169624602166,457.0892506241771,0.99,2.1248
PLA_SUPPORT,PLA,support fragments,corner_10,250,4.0,0.26,0.46,0.74,8.0,4.0,0.05,0.45657142857142863,2,0.26950812313277295,64.6819495518655,59.36620213212305,1.198,2.44096
PLA_SUPPORT,PLA,support fragments,corner_11,390,4.0,0.26,0.46,0.74,8.0,20.0,0.05,0.45657142857142863,2,0.4204326720871258,504.519206504551,463.05637663055984,1.39,2.7328
PLA_SUPPORT,PLA,support fragments,corner_12,250,1.5,0.4,0.46,0.58,8.0,4.0,0.4,0.6425714285714287,3,0.20894449995686892,50.14667998964854,44.34657170581725,1.328,2.63856
PLA_SUPPORT,PLA,support fragments,corner_13,390,1.5,0.4,0.46,0.58,8.0,20.0,0.4,0.6425714285714287,3,0.3259534199327155,391.14410391925855,345.9032593053745,1.52,2.9304
PLA_SUPPORT,PLA,support fragments,corner_14,250,4.0,0.4,0.46,0.74,8.0,4.0,0.4,0.6925714285714285,3,0.2150008622744593,51.600206945870234,45.167577718835346,1.728,3.24656
PLA_SUPPORT,PLA,support fragments,corner_15,390,4.0,0.4,0.46,0.74,8.0,20.0,0.4,0.6925714285714285,3,0.3354013451481565,402.48161417778783,352.3071062069157,1.92,3.5384
PLA_SUPPORT,PLA,support fragments,corner_16,250,1.5,0.26,0.3,0.58,20.0,4.0,0.05,0.028000000000000025,1,0.3028181158795201,72.67634781108482,72.31005901811696,0.348,1.14896
PLA_SUPPORT,PLA,support fragments,corner_17,390,1.5,0.26,0.3,0.58,20.0,20.0,0.05,0.028000000000000025,1,0.47239626077205144,566.8755129264617,564.0184603413123,0.54,1.4408
PLA_SUPPORT,PLA,support fragments,corner_18,250,4.0,0.26,0.3,0.74,20.0,4.0,0.05,0.07800000000000004,1,0.3088744781971105,74.12987476730652,73.08909132557353,0.748,1.7569599999999999
PLA_SUPPORT,PLA,support fragments,corner_19,390,4.0,0.26,0.3,0.74,20.0,20.0,0.05,0.07800000000000004,1,0.4818441859874924,578.2130231849909,570.0949123394736,0.94,2.0488
PLA_SUPPORT,PLA,support fragments,corner_20,250,1.5,0.4,0.3,0.58,20.0,4.0,0.4,0.264,1,0.24831085502120653,59.594605205089564,56.76266956574371,0.8780000000000001,1.9545600000000003
PLA_SUPPORT,PLA,support fragments,corner_21,390,1.5,0.4,0.3,0.58,20.0,20.0,0.4,0.264,1,0.3873649338330822,464.83792059969863,442.74882261280095,1.07,2.2464
PLA_SUPPORT,PLA,support fragments,corner_22,250,4.0,0.4,0.3,0.74,20.0,4.0,0.4,0.31400000000000006,2,0.2543672173387969,61.04813216131126,57.597691731553944,1.278,2.56256
PLA_SUPPORT,PLA,support fragments,corner_23,390,4.0,0.4,0.3,0.74,20.0,20.0,0.4,0.31400000000000006,2,0.3968128590485232,476.17543085822786,449.2619955061208,1.47,2.8544
PLA_SUPPORT,PLA,support fragments,corner_24,250,1.5,0.26,0.46,0.58,20.0,4.0,0.05,0.21800000000000005,1,0.2634517608151825,63.228422595643806,60.74733929299074,0.798,1.83296
PLA_SUPPORT,PLA,support fragments,corner_25,390,1.5,0.26,0.46,0.58,20.0,20.0,0.05,0.21800000000000005,1,0.41098474687168474,493.18169624602166,473.82924648532776,0.99,2.1248
PLA_SUPPORT,PLA,support fragments,corner_26,250,4.0,0.26,0.46,0.74,20.0,4.0,0.05,0.268,1,0.26950812313277295,64.6819495518655,61.56169230548351,1.198,2.44096
PLA_SUPPORT,PLA,support fragments,corner_27,390,4.0,0.26,0.46,0.74,20.0,20.0,0.05,0.268,1,0.4204326720871258,504.519206504551,480.1811999827715,1.39,2.7328
PLA_SUPPORT,PLA,support fragments,corner_28,250,1.5,0.4,0.46,0.58,20.0,4.0,0.4,0.4540000000000002,2,0.20894449995686892,50.14667998964854,46.04869330089446,1.328,2.63856
PLA_SUPPORT,PLA,support fragments,corner_29,390,1.5,0.4,0.46,0.58,20.0,20.0,0.4,0.4540000000000002,2,0.3259534199327155,391.14410391925855,359.17980774697673,1.52,2.9304
PLA_SUPPORT,PLA,support fragments,corner_30,250,4.0,0.4,0.46,0.74,20.0,4.0,0.4,0.504,2,0.2150008622744593,51.600206945870234,46.919036171740885,1.728,3.24656
PLA_SUPPORT,PLA,support fragments,corner_31,390,4.0,0.4,0.46,0.74,20.0,20.0,0.4,0.504,2,0.3354013451481565,402.48161417778783,365.9684821395789,1.92,3.5384
PLA_SPAGHETTI,PLA,spaghetti fragments,center,200,7.0,0.35,0.42,0.55,14.0,12.0,0.2,0.3571458916900093,2,0.20857778184641537,150.17600292941907,140.52174928361868,1.0838797852474324,2.2674972735760974
PLA_SPAGHETTI,PLA,spaghetti fragments,oat_bulk_density_kg_m3_low,150,7.0,0.35,0.42,0.55,14.0,12.0,0.2,0.3571458916900093,2,0.15643333638481152,112.6320021970643,105.391311962714,1.0838797852474324,2.2674972735760974
PLA_SPAGHETTI,PLA,spaghetti fragments,oat_bulk_density_kg_m3_high,260,7.0,0.35,0.42,0.55,14.0,12.0,0.2,0.3571458916900093,2,0.27115111640033995,195.22880380824478,182.67827406870427,1.0838797852474324,2.2674972735760974
PLA_SPAGHETTI,PLA,spaghetti fragments,oat_aspect_ratio_low,200,4.5,0.35,0.42,0.55,14.0,12.0,0.2,0.2515903361344538,1,0.2193446481887983,157.9281466959348,150.7761715037169,0.9616575630252101,2.0817194957983194
PLA_SPAGHETTI,PLA,spaghetti fragments,oat_aspect_ratio_high,200,9.0,0.35,0.42,0.55,14.0,12.0,0.2,0.44159033613445375,2,0.19996428877250902,143.9742879162065,132.53031016099197,1.18165756302521,2.416119495798319
PLA_SPAGHETTI,PLA,spaghetti fragments,oat_wall_friction_low,200,7.0,0.29,0.42,0.55,14.0,12.0,0.2,0.28000303454715214,1,0.22726598556926578,163.63150960987136,155.38439214697817,0.8567369281045752,1.9222401307189543
PLA_SPAGHETTI,PLA,spaghetti fragments,oat_wall_friction_high,200,7.0,0.43,0.42,0.55,14.0,12.0,0.2,0.4600030345471522,2,0.18366017688261488,132.23532735548272,121.28617002106826,1.3867369281045754,2.727840130718955
PLA_SPAGHETTI,PLA,spaghetti fragments,oat_inter_particle_friction_low,200,7.0,0.35,0.34,0.55,14.0,12.0,0.2,0.267734126984127,1,0.22339805669416601,160.84660081979953,153.09505845500593,0.8721150793650795,1.9456149206349207
PLA_SPAGHETTI,PLA,spaghetti fragments,oat_inter_particle_friction_high,200,7.0,0.35,0.51,0.55,14.0,12.0,0.2,0.45773412698412697,2,0.1919049726426959,138.17158030274106,126.78732771964044,1.3221150793650795,2.629614920634921
PLA_SPAGHETTI,PLA,spaghetti fragments,oat_agitator_rpm_low,200,7.0,0.35,0.42,0.55,8.0,12.0,0.2,0.45143160597572357,2,0.20857778184641537,150.17600292941907,137.9730479767594,1.0838797852474324,2.2674972735760974
PLA_SPAGHETTI,PLA,spaghetti fragments,oat_agitator_rpm_high,200,7.0,0.35,0.42,0.55,20.0,12.0,0.2,0.262860177404295,1,0.20857778184641537,150.17600292941907,143.07045059047798,1.0838797852474324,2.2674972735760974
PLA_SPAGHETTI,PLA,spaghetti fragments,oat_auger_rpm_low,200,7.0,0.35,0.42,0.55,14.0,4.0,0.2,0.3571458916900093,2,0.20857778184641537,50.05866764313969,46.84058309453956,0.9878797852474324,2.121577273576097
PLA_SPAGHETTI,PLA,spaghetti fragments,oat_auger_rpm_high,200,7.0,0.35,0.42,0.55,14.0,20.0,0.2,0.3571458916900093,2,0.20857778184641537,250.29333821569844,234.20291547269778,1.1798797852474323,2.4134172735760973
PLA_SPAGHETTI,PLA,spaghetti fragments,oat_throat_fill_low,200,7.0,0.35,0.42,0.48,14.0,12.0,0.2,0.41839589169000935,2,0.19797914779063214,142.54498640925513,131.80974380421983,1.0051297852474321,2.147797273576097
PLA_SPAGHETTI,PLA,spaghetti fragments,oat_throat_fill_high,200,7.0,0.35,0.42,0.64,14.0,12.0,0.2,0.27839589169000933,1,0.22220459706099377,159.98730988391551,151.97014412095618,1.1851297852474323,2.421397273576097
PLA_SPAGHETTI,PLA,spaghetti fragments,oat_screen_discharge_variability_low,200,7.0,0.35,0.42,0.55,14.0,12.0,0.05,0.3331458916900093,2,0.20857778184641537,150.17600292941907,141.17050961627376,1.0838797852474324,2.2674972735760974
PLA_SPAGHETTI,PLA,spaghetti fragments,oat_screen_discharge_variability_high,200,7.0,0.35,0.42,0.55,14.0,12.0,0.4,0.38914589169000924,2,0.20857778184641537,150.17600292941907,139.65673550674524,1.0838797852474324,2.2674972735760974
PLA_SPAGHETTI,PLA,spaghetti fragments,corner_00,150,4.5,0.29,0.34,0.48,8.0,4.0,0.05,0.2165714285714286,1,0.18169086952771207,43.605808686650896,41.90592967602043,0.348,1.14896
PLA_SPAGHETTI,PLA,spaghetti fragments,corner_01,260,4.5,0.29,0.34,0.48,8.0,20.0,0.05,0.2165714285714286,1,0.31493084051470094,377.9170086176411,363.1847238588437,0.54,1.4408
PLA_SPAGHETTI,PLA,spaghetti fragments,corner_02,150,9.0,0.29,0.34,0.64,8.0,4.0,0.05,0.2665714285714286,1,0.1853246869182663,44.477924860383915,42.34374694579738,0.748,1.7569599999999999
PLA_SPAGHETTI,PLA,spaghetti fragments,corner_03,260,9.0,0.29,0.34,0.64,8.0,20.0,0.05,0.2665714285714286,1,0.3212294573249949,385.4753487899939,366.97914019691063,0.94,2.0488
PLA_SPAGHETTI,PLA,spaghetti fragments,corner_04,150,4.5,0.43,0.34,0.48,8.0,4.0,0.4,0.4525714285714286,2,0.14898651301272392,35.756763123053744,32.84391503686943,0.8780000000000001,1.9545600000000003
PLA_SPAGHETTI,PLA,spaghetti fragments,corner_05,260,4.5,0.43,0.34,0.48,8.0,20.0,0.4,0.4525714285714286,2,0.2582432892220548,309.8919470664658,284.6472636528684,1.07,2.2464
PLA_SPAGHETTI,PLA,spaghetti fragments,corner_06,150,9.0,0.43,0.34,0.64,8.0,4.0,0.4,0.5025714285714286,2,0.15262033040327813,36.62887929678675,33.31532622165857,1.278,2.56256
PLA_SPAGHETTI,PLA,spaghetti fragments,corner_07,260,9.0,0.43,0.34,0.64,8.0,20.0,0.4,0.5025714285714286,2,0.2645419060323488,317.45028723881853,288.73282725437434,1.47,2.8544
PLA_SPAGHETTI,PLA,spaghetti fragments,corner_08,150,4.5,0.29,0.51,0.48,8.0,4.0,0.05,0.40657142857142864,2,0.1580710564891095,37.93705355738628,35.16071158647516,0.798,1.83296
PLA_SPAGHETTI,PLA,spaghetti fragments,corner_09,260,4.5,0.29,0.51,0.48,8.0,20.0,0.05,0.40657142857142864,2,0.2739898312477898,328.78779749734775,304.72616708278474,0.99,2.1248
PLA_SPAGHETTI,PLA,spaghetti fragments,corner_10,150,9.0,0.29,0.51,0.64,8.0,4.0,0.05,0.45657142857142863,2,0.16170487387966376,38.809169731119304,35.61972127927383,1.198,2.44096
PLA_SPAGHETTI,PLA,spaghetti fragments,corner_11,260,9.0,0.29,0.51,0.64,8.0,20.0,0.05,0.45657142857142863,2,0.28028844805808384,336.3461376697006,308.7042510870399,1.39,2.7328
PLA_SPAGHETTI,PLA,spaghetti fragments,corner_12,150,4.5,0.43,0.51,0.48,8.0,4.0,0.4,0.6425714285714287,3,0.12536669997412134,30.08800799378912,26.607943023490343,1.328,2.63856
PLA_SPAGHETTI,PLA,spaghetti fragments,corner_13,260,4.5,0.43,0.51,0.48,8.0,20.0,0.4,0.6425714285714287,3,0.21730227995514365,260.76273594617237,230.60217287024966,1.52,2.9304
PLA_SPAGHETTI,PLA,spaghetti fragments,corner_14,150,9.0,0.43,0.51,0.64,8.0,4.0,0.4,0.6925714285714285,3,0.12900051736467558,30.96012416752214,27.100546631301206,1.728,3.24656
PLA_SPAGHETTI,PLA,spaghetti fragments,corner_15,260,9.0,0.43,0.51,0.64,8.0,20.0,0.4,0.6925714285714285,3,0.22360089676543765,268.3210761185252,234.87140413794376,1.92,3.5384
PLA_SPAGHETTI,PLA,spaghetti fragments,corner_16,150,4.5,0.29,0.34,0.48,20.0,4.0,0.05,0.028000000000000025,1,0.18169086952771207,43.605808686650896,43.38603541087017,0.348,1.14896
PLA_SPAGHETTI,PLA,spaghetti fragments,corner_17,260,4.5,0.29,0.34,0.48,20.0,20.0,0.05,0.028000000000000025,1,0.31493084051470094,377.9170086176411,376.01230689420817,0.54,1.4408
PLA_SPAGHETTI,PLA,spaghetti fragments,corner_18,150,9.0,0.29,0.34,0.64,20.0,4.0,0.05,0.07800000000000004,1,0.1853246869182663,44.477924860383915,43.85345479534412,0.748,1.7569599999999999
PLA_SPAGHETTI,PLA,spaghetti fragments,corner_19,260,9.0,0.29,0.34,0.64,20.0,20.0,0.05,0.07800000000000004,1,0.3212294573249949,385.4753487899939,380.0632748929824,0.94,2.0488
PLA_SPAGHETTI,PLA,spaghetti fragments,corner_20,150,4.5,0.43,0.34,0.48,20.0,4.0,0.4,0.264,1,0.14898651301272392,35.756763123053744,34.05760173944623,0.8780000000000001,1.9545600000000003
PLA_SPAGHETTI,PLA,spaghetti fragments,corner_21,260,4.5,0.43,0.34,0.48,20.0,20.0,0.4,0.264,1,0.2582432892220548,309.8919470664658,295.16588174186734,1.07,2.2464
PLA_SPAGHETTI,PLA,spaghetti fragments,corner_22,150,9.0,0.43,0.34,0.64,20.0,4.0,0.4,0.31400000000000006,2,0.15262033040327813,36.62887929678675,34.55861503893236,1.278,2.56256
PLA_SPAGHETTI,PLA,spaghetti fragments,corner_23,260,9.0,0.43,0.34,0.64,20.0,20.0,0.4,0.31400000000000006,2,0.2645419060323488,317.45028723881853,299.5079970040805,1.47,2.8544
PLA_SPAGHETTI,PLA,spaghetti fragments,corner_24,150,4.5,0.29,0.51,0.48,20.0,4.0,0.05,0.21800000000000005,1,0.1580710564891095,37.93705355738628,36.44840357579444,0.798,1.83296
PLA_SPAGHETTI,PLA,spaghetti fragments,corner_25,260,4.5,0.29,0.51,0.48,20.0,20.0,0.05,0.21800000000000005,1,0.2739898312477898,328.78779749734775,315.88616432355184,0.99,2.1248
PLA_SPAGHETTI,PLA,spaghetti fragments,corner_26,150,9.0,0.29,0.51,0.64,20.0,4.0,0.05,0.268,1,0.16170487387966376,38.809169731119304,36.93701538329011,1.198,2.44096
PLA_SPAGHETTI,PLA,spaghetti fragments,corner_27,260,9.0,0.29,0.51,0.64,20.0,20.0,0.05,0.268,1,0.28028844805808384,336.3461376697006,320.1207999885143,1.39,2.7328
PLA_SPAGHETTI,PLA,spaghetti fragments,corner_28,150,4.5,0.43,0.51,0.48,20.0,4.0,0.4,0.4540000000000002,2,0.12536669997412134,30.08800799378912,27.62921598053667,1.328,2.63856
PLA_SPAGHETTI,PLA,spaghetti fragments,corner_29,260,4.5,0.43,0.51,0.48,20.0,20.0,0.4,0.4540000000000002,2,0.21730227995514365,260.76273594617237,239.45320516465117,1.52,2.9304
PLA_SPAGHETTI,PLA,spaghetti fragments,corner_30,150,9.0,0.43,0.51,0.64,20.0,4.0,0.4,0.504,2,0.12900051736467558,30.96012416752214,28.15142170304453,1.728,3.24656
PLA_SPAGHETTI,PLA,spaghetti fragments,corner_31,260,9.0,0.43,0.51,0.64,20.0,20.0,0.4,0.504,2,0.22360089676543765,268.3210761185252,243.97898809305258,1.92,3.5384
PLA_THIN_WALL,PLA,thin walls,center,180,4.5,0.38,0.48,0.54,14.0,12.0,0.2,0.3423025210084034,2,0.1881352461840362,135.45737725250606,127.1112449424166,1.1138543417366944,2.3130585994397754
PLA_THIN_WALL,PLA,thin walls,oat_bulk_density_kg_m3_low,130,4.5,0.38,0.48,0.54,14.0,12.0,0.2,0.3423025210084034,2,0.1358754555773595,97.83032801569884,91.80256579174534,1.1138543417366944,2.3130585994397754
PLA_THIN_WALL,PLA,thin walls,oat_bulk_density_kg_m3_high,240,4.5,0.38,0.48,0.54,14.0,12.0,0.2,0.3423025210084034,2,0.25084699491204826,180.60983633667476,169.48165992322214,1.1138543417366944,2.3130585994397754
PLA_THIN_WALL,PLA,thin walls,oat_aspect_ratio_low,180,3.0,0.38,0.48,0.54,14.0,12.0,0.2,0.2608739495798319,1,0.19561052767317635,140.83957992468697,134.22613197970583,1.01956862745098,2.1697443137254897
PLA_THIN_WALL,PLA,thin walls,oat_aspect_ratio_high,180,6.5,0.38,0.48,0.54,14.0,12.0,0.2,0.45087394957983196,2,0.178168204198516,128.28110702293154,117.87015733454913,1.2395686274509803,2.50414431372549
PLA_THIN_WALL,PLA,thin walls,oat_wall_friction_low,180,4.5,0.31,0.48,0.54,14.0,12.0,0.2,0.25830252100840334,1,0.20644968583242954,148.64377379934928,141.7326627285258,0.8665210084033612,1.9371119327731092
PLA_THIN_WALL,PLA,thin walls,oat_wall_friction_high,180,4.5,0.46,0.48,0.54,14.0,12.0,0.2,0.4383025210084034,2,0.16720445801444375,120.38720977039951,110.88932661328346,1.3965210084033615,2.7427119327731098
PLA_THIN_WALL,PLA,thin walls,oat_inter_particle_friction_low,180,4.5,0.38,0.39,0.54,14.0,12.0,0.2,0.24171428571428574,1,0.20314077446738368,146.26135761651625,139.89773489141822,0.8756190476190476,1.9509409523809524
PLA_THIN_WALL,PLA,thin walls,oat_inter_particle_friction_high,180,4.5,0.38,0.56,0.54,14.0,12.0,0.2,0.43171428571428583,2,0.17479699882106062,125.85383915116364,116.0739171019255,1.325619047619048,2.634940952380953
PLA_THIN_WALL,PLA,thin walls,oat_agitator_rpm_low,180,4.5,0.38,0.48,0.54,8.0,12.0,0.2,0.43658823529411767,2,0.1881352461840362,135.45737725250606,124.81233973990265,1.1138543417366944,2.3130585994397754
PLA_THIN_WALL,PLA,thin walls,oat_agitator_rpm_high,180,4.5,0.38,0.48,0.54,20.0,12.0,0.2,0.24801680672268908,1,0.1881352461840362,135.45737725250606,129.41015014493058,1.1138543417366944,2.3130585994397754
PLA_THIN_WALL,PLA,thin walls,oat_auger_rpm_low,180,4.5,0.38,0.48,0.54,14.0,4.0,0.2,0.3423025210084034,2,0.1881352461840362,45.15245908416869,42.370414980805535,1.0178543417366945,2.1671385994397756
PLA_THIN_WALL,PLA,thin walls,oat_auger_rpm_high,180,4.5,0.38,0.48,0.54,14.0,20.0,0.2,0.3423025210084034,2,0.1881352461840362,225.76229542084346,211.8520749040277,1.2098543417366945,2.4589785994397757
PLA_THIN_WALL,PLA,thin walls,oat_throat_fill_low,180,4.5,0.38,0.48,0.45,14.0,12.0,0.2,0.4123025210084035,2,0.17723379401237346,127.60833168890889,118.13794905464643,1.0238543417366945,2.176258599439776
PLA_THIN_WALL,PLA,thin walls,oat_throat_fill_high,180,4.5,0.38,0.48,0.63,14.0,12.0,0.2,0.27230252100840335,1,0.1990366983556989,143.3064228161032,136.2823367783894,1.2038543417366947,2.449858599439776
PLA_THIN_WALL,PLA,thin walls,oat_screen_discharge_variability_low,180,4.5,0.38,0.48,0.54,14.0,12.0,0.05,0.3183025210084034,2,0.1881352461840362,135.45737725250606,127.69642081214744,1.1138543417366944,2.3130585994397754
PLA_THIN_WALL,PLA,thin walls,oat_screen_discharge_variability_high,180,4.5,0.38,0.48,0.54,14.0,12.0,0.4,0.37430252100840344,2,0.1881352461840362,135.45737725250606,126.33101044944218,1.1138543417366944,2.3130585994397754
PLA_THIN_WALL,PLA,thin walls,corner_00,130,3.0,0.31,0.39,0.45,8.0,4.0,0.05,0.2165714285714286,1,0.15746542025735047,37.79170086176411,36.31847238588437,0.348,1.14896
PLA_THIN_WALL,PLA,thin walls,corner_01,240,3.0,0.31,0.39,0.45,8.0,20.0,0.05,0.2165714285714286,1,0.2907053912443393,348.84646949320717,335.2474374081634,0.54,1.4408
PLA_THIN_WALL,PLA,thin walls,corner_02,130,6.5,0.31,0.39,0.63,8.0,4.0,0.05,0.2665714285714286,1,0.16061472866249746,38.54753487899939,36.69791401969106,0.748,1.7569599999999999
PLA_THIN_WALL,PLA,thin walls,corner_03,240,6.5,0.31,0.39,0.63,8.0,20.0,0.05,0.2665714285714286,1,0.2965194990692261,355.8233988830713,338.749975566379,0.94,2.0488
PLA_THIN_WALL,PLA,thin walls,corner_04,130,3.0,0.46,0.39,0.45,8.0,4.0,0.4,0.4525714285714286,2,0.1291216446110274,30.989194706646575,28.46472636528684,0.8780000000000001,1.9545600000000003
PLA_THIN_WALL,PLA,thin walls,corner_05,240,3.0,0.46,0.39,0.45,8.0,20.0,0.4,0.4525714285714286,2,0.23837842082035826,286.0541049844299,262.7513202949554,1.07,2.2464
PLA_THIN_WALL,PLA,thin walls,corner_06,130,6.5,0.46,0.39,0.63,8.0,4.0,0.4,0.5025714285714286,2,0.1322709530161744,31.745028723881855,28.873282725437434,1.278,2.56256
PLA_THIN_WALL,PLA,thin walls,corner_07,240,6.5,0.46,0.39,0.63,8.0,20.0,0.4,0.5025714285714286,2,0.24419252864524502,293.031034374294,266.5226097732686,1.47,2.8544
PLA_THIN_WALL,PLA,thin walls,corner_08,130,3.0,0.31,0.56,0.45,8.0,4.0,0.05,0.40657142857142864,2,0.1369949156238949,32.878779749734775,30.472616708278473,0.798,1.83296
PLA_THIN_WALL,PLA,thin walls,corner_09,240,3.0,0.31,0.56,0.45,8.0,20.0,0.05,0.40657142857142864,2,0.25291369038257516,303.49642845909017,281.2856926918012,0.99,2.1248
PLA_THIN_WALL,PLA,thin walls,corner_10,130,6.5,0.31,0.56,0.63,8.0,4.0,0.05,0.45657142857142863,2,0.14014422402904192,33.63461376697006,30.870425108703987,1.198,2.44096
PLA_THIN_WALL,PLA,thin walls,corner_11,240,6.5,0.31,0.56,0.63,8.0,20.0,0.05,0.45657142857142863,2,0.258727798207462,310.4733578489544,284.9577702341906,1.39,2.7328
PLA_THIN_WALL,PLA,thin walls,corner_12,130,3.0,0.46,0.56,0.45,8.0,4.0,0.4,0.6425714285714287,3,0.10865113997757182,26.076273594617238,23.060217287024965,1.328,2.63856
PLA_THIN_WALL,PLA,thin walls,corner_13,240,3.0,0.46,0.56,0.45,8.0,20.0,0.4,0.6425714285714287,3,0.20058671995859415,240.70406395031299,212.86354418792277,1.52,2.9304
PLA_THIN_WALL,PLA,thin walls,corner_14,130,6.5,0.46,0.56,0.63,8.0,4.0,0.4,0.6925714285714285,3,0.11180044838271883,26.832107611852518,23.487140413794375,1.728,3.24656
PLA_THIN_WALL,PLA,thin walls,corner_15,240,6.5,0.46,0.56,0.63,8.0,20.0,0.4,0.6925714285714285,3,0.2064008277834809,247.68099334017708,216.80437305040962,1.92,3.5384
PLA_THIN_WALL,PLA,thin walls,corner_16,130,3.0,0.31,0.39,0.45,20.0,4.0,0.05,0.028000000000000025,1,0.15746542025735047,37.79170086176411,37.601230689420824,0.348,1.14896
PLA_THIN_WALL,PLA,thin walls,corner_17,240,3.0,0.31,0.39,0.45,20.0,20.0,0.05,0.028000000000000025,1,0.2907053912443393,348.84646949320717,347.08828328696137,0.54,1.4408
PLA_THIN_WALL,PLA,thin walls,corner_18,130,6.5,0.31,0.39,0.63,20.0,4.0,0.05,0.07800000000000004,1,0.16061472866249746,38.54753487899939,38.006327489298236,0.748,1.7569599999999999
PLA_THIN_WALL,PLA,thin walls,corner_19,240,6.5,0.31,0.39,0.63,20.0,20.0,0.05,0.07800000000000004,1,0.2965194990692261,355.8233988830713,350.82763836275296,0.94,2.0488
PLA_THIN_WALL,PLA,thin walls,corner_20,130,3.0,0.46,0.39,0.45,20.0,4.0,0.4,0.264,1,0.1291216446110274,30.989194706646575,29.51658817418673,0.8780000000000001,1.9545600000000003
PLA_THIN_WALL,PLA,thin walls,corner_21,240,3.0,0.46,0.39,0.45,20.0,20.0,0.4,0.264,1,0.23837842082035826,286.0541049844299,272.4608139155698,1.07,2.2464
PLA_THIN_WALL,PLA,thin walls,corner_22,130,6.5,0.46,0.39,0.63,20.0,4.0,0.4,0.31400000000000006,2,0.1322709530161744,31.745028723881855,29.95079970040805,1.278,2.56256
PLA_THIN_WALL,PLA,thin walls,corner_23,240,6.5,0.46,0.39,0.63,20.0,20.0,0.4,0.31400000000000006,2,0.24419252864524502,293.031034374294,276.4689203114589,1.47,2.8544
PLA_THIN_WALL,PLA,thin walls,corner_24,130,3.0,0.31,0.56,0.45,20.0,4.0,0.05,0.21800000000000005,1,0.1369949156238949,32.878779749734775,31.58861643235518,0.798,1.83296
PLA_THIN_WALL,PLA,thin walls,corner_25,240,3.0,0.31,0.56,0.45,20.0,20.0,0.05,0.21800000000000005,1,0.25291369038257516,303.49642845909017,291.58722860635544,0.99,2.1248
PLA_THIN_WALL,PLA,thin walls,corner_26,130,6.5,0.31,0.56,0.63,20.0,4.0,0.05,0.268,1,0.14014422402904192,33.63461376697006,32.012079998851426,1.198,2.44096
PLA_THIN_WALL,PLA,thin walls,corner_27,240,6.5,0.31,0.56,0.63,20.0,20.0,0.05,0.268,1,0.258727798207462,310.4733578489544,295.4961230663208,1.39,2.7328
PLA_THIN_WALL,PLA,thin walls,corner_28,130,3.0,0.46,0.56,0.45,20.0,4.0,0.4,0.4540000000000002,2,0.10865113997757182,26.076273594617238,23.945320516465117,1.328,2.63856
PLA_THIN_WALL,PLA,thin walls,corner_29,240,3.0,0.46,0.56,0.45,20.0,20.0,0.4,0.4540000000000002,2,0.20058671995859415,240.70406395031299,221.0337278442934,1.52,2.9304
PLA_THIN_WALL,PLA,thin walls,corner_30,130,6.5,0.46,0.56,0.63,20.0,4.0,0.4,0.504,2,0.11180044838271883,26.832107611852518,24.397898809305257,1.728,3.24656
PLA_THIN_WALL,PLA,thin walls,corner_31,240,6.5,0.46,0.56,0.63,20.0,20.0,0.4,0.504,2,0.2064008277834809,247.68099334017708,225.2113736243562,1.92,3.5384
PLA_DENSE_FLAKE,PLA,dense flakes,center,420,1.8,0.28,0.34,0.7,14.0,12.0,0.2,0.31927930402930427,2,0.4457818095044125,320.962902843177,302.51707664015794,1.0711153846153847,2.2480953846153846
PLA_DENSE_FLAKE,PLA,dense flakes,oat_bulk_density_kg_m3_low,340,1.8,0.28,0.34,0.7,14.0,12.0,0.2,0.31927930402930427,2,0.3608709886464292,259.82711182542903,244.89477632774694,1.0711153846153847,2.2480953846153846
PLA_DENSE_FLAKE,PLA,dense flakes,oat_bulk_density_kg_m3_high,500,1.8,0.28,0.34,0.7,14.0,12.0,0.2,0.31927930402930427,2,0.5306926303623959,382.09869386092504,360.139376952569,1.0711153846153847,2.2480953846153846
PLA_DENSE_FLAKE,PLA,dense flakes,oat_aspect_ratio_low,420,1.2,0.28,0.34,0.7,14.0,12.0,0.2,0.2480293040293042,1,0.4610438425447403,331.95156663221303,317.1314977444325,0.9886153846153848,2.122695384615385
PLA_DENSE_FLAKE,PLA,dense flakes,oat_aspect_ratio_high,420,2.8,0.28,0.34,0.7,14.0,12.0,0.2,0.4380293040293043,2,0.4203450877705328,302.64846319478363,278.7860619690087,1.2086153846153849,2.457095384615385
PLA_DENSE_FLAKE,PLA,dense flakes,oat_wall_friction_low,420,1.8,0.22,0.34,0.7,14.0,12.0,0.2,0.23620238095238108,1,0.48804590100070494,351.3930487205076,336.4530712640856,0.8265,1.87628
PLA_DENSE_FLAKE,PLA,dense flakes,oat_wall_friction_high,420,1.8,0.35,0.34,0.7,14.0,12.0,0.2,0.41620238095238116,2,0.39647370275873806,285.4610659862914,264.07534242640554,1.3565,2.68188
PLA_DENSE_FLAKE,PLA,dense flakes,oat_inter_particle_friction_low,420,1.8,0.28,0.27,0.7,14.0,12.0,0.2,0.23061263736263757,1,0.4766450318748532,343.18442294989427,328.93874327180924,0.8611153846153847,1.9288953846153847
PLA_DENSE_FLAKE,PLA,dense flakes,oat_inter_particle_friction_high,420,1.8,0.28,0.42,0.7,14.0,12.0,0.2,0.42061263736263754,2,0.410509555366766,295.5668798640715,273.1894301898704,1.3111153846153845,2.6128953846153844
PLA_DENSE_FLAKE,PLA,dense flakes,oat_agitator_rpm_low,420,1.8,0.28,0.34,0.7,8.0,12.0,0.2,0.4135650183150185,2,0.4457818095044125,320.962902843177,297.0698776604766,1.0711153846153847,2.2480953846153846
PLA_DENSE_FLAKE,PLA,dense flakes,oat_agitator_rpm_high,420,1.8,0.28,0.34,0.7,20.0,12.0,0.2,0.22499358974358993,1,0.4457818095044125,320.962902843177,307.9642756198393,1.0711153846153847,2.2480953846153846
PLA_DENSE_FLAKE,PLA,dense flakes,oat_auger_rpm_low,420,1.8,0.28,0.34,0.7,14.0,4.0,0.2,0.31927930402930427,2,0.4457818095044125,106.987634281059,100.83902554671931,0.9751153846153848,2.102175384615385
PLA_DENSE_FLAKE,PLA,dense flakes,oat_auger_rpm_high,420,1.8,0.28,0.34,0.7,14.0,20.0,0.2,0.31927930402930427,2,0.4457818095044125,534.938171405295,504.1951277335965,1.1671153846153848,2.394015384615385
PLA_DENSE_FLAKE,PLA,dense flakes,oat_throat_fill_low,420,1.8,0.28,0.34,0.62,14.0,12.0,0.2,0.3892793040293042,2,0.4203450877705328,302.64846319478363,281.44180223354294,0.9811153846153848,2.111295384615385
PLA_DENSE_FLAKE,PLA,dense flakes,oat_throat_fill_high,420,1.8,0.28,0.34,0.78,14.0,12.0,0.2,0.24927930402930418,1,0.4712185312382922,339.2773424915704,324.0538749259125,1.161115384615385,2.384895384615385
PLA_DENSE_FLAKE,PLA,dense flakes,oat_screen_discharge_variability_low,420,1.8,0.28,0.34,0.7,14.0,12.0,0.05,0.29527930402930425,2,0.4457818095044125,320.962902843177,303.90363638044045,1.0711153846153847,2.2480953846153846
PLA_DENSE_FLAKE,PLA,dense flakes,oat_screen_discharge_variability_high,420,1.8,0.28,0.34,0.7,14.0,12.0,0.4,0.3512793040293042,2,0.4457818095044125,320.962902843177,300.66833031978126,1.0711153846153847,2.2480953846153846
PLA_DENSE_FLAKE,PLA,dense flakes,corner_00,340,1.2,0.22,0.27,0.62,8.0,4.0,0.05,0.2165714285714286,1,0.41183263759614736,98.83983302307537,94.98677393231297,0.348,1.14896
PLA_DENSE_FLAKE,PLA,dense flakes,corner_01,500,1.2,0.22,0.27,0.62,8.0,20.0,0.05,0.2165714285714286,1,0.6056362317590402,726.7634781108483,698.4321612670071,0.54,1.4408
PLA_DENSE_FLAKE,PLA,dense flakes,corner_02,340,2.8,0.22,0.27,0.78,8.0,4.0,0.05,0.2665714285714286,1,0.42006929034807033,100.81662968353687,95.9791597438074,0.748,1.7569599999999999
PLA_DENSE_FLAKE,PLA,dense flakes,corner_03,500,2.8,0.22,0.27,0.78,8.0,20.0,0.05,0.2665714285714286,1,0.617748956394221,741.2987476730652,705.7291157632897,0.94,2.0488
PLA_DENSE_FLAKE,PLA,dense flakes,corner_04,340,1.2,0.35,0.27,0.62,8.0,4.0,0.4,0.4525714285714286,2,0.3377027628288409,81.0486630789218,74.44620741690403,0.8780000000000001,1.9545600000000003
PLA_DENSE_FLAKE,PLA,dense flakes,corner_05,500,1.2,0.35,0.27,0.62,8.0,20.0,0.4,0.4525714285714286,2,0.49662171004241307,595.9460520508957,547.3985839478238,1.07,2.2464
PLA_DENSE_FLAKE,PLA,dense flakes,corner_06,340,2.8,0.35,0.27,0.78,8.0,4.0,0.4,0.5025714285714286,2,0.3459394155807638,83.02545973938331,75.51473943575944,1.278,2.56256
PLA_DENSE_FLAKE,PLA,dense flakes,corner_07,500,2.8,0.35,0.27,0.78,8.0,20.0,0.4,0.5025714285714286,2,0.5087344346775938,610.4813216131126,555.255437027643,1.47,2.8544
PLA_DENSE_FLAKE,PLA,dense flakes,corner_08,340,1.2,0.22,0.42,0.62,8.0,4.0,0.05,0.40657142857142864,2,0.3582943947086482,85.99065473007558,79.6976129293437,0.798,1.83296
PLA_DENSE_FLAKE,PLA,dense flakes,corner_09,500,1.2,0.22,0.42,0.62,8.0,20.0,0.05,0.40657142857142864,2,0.526903521630365,632.284225956438,586.011859774586,0.99,2.1248
PLA_DENSE_FLAKE,PLA,dense flakes,corner_10,340,2.8,0.22,0.42,0.78,8.0,4.0,0.05,0.45657142857142863,2,0.3665310474605712,87.9674513905371,80.73803489968735,1.198,2.44096
PLA_DENSE_FLAKE,PLA,dense flakes,corner_11,500,2.8,0.22,0.42,0.78,8.0,20.0,0.05,0.45657142857142863,2,0.5390162462655459,646.8194955186551,593.6620213212306,1.39,2.7328
PLA_DENSE_FLAKE,PLA,dense flakes,corner_12,340,1.2,0.35,0.42,0.62,8.0,4.0,0.4,0.6425714285714287,3,0.28416451994134173,68.19948478592201,60.311337519911454,1.328,2.63856
PLA_DENSE_FLAKE,PLA,dense flakes,corner_13,500,1.2,0.35,0.42,0.62,8.0,20.0,0.4,0.6425714285714287,3,0.41788899991373785,501.46679989648544,443.4657170581725,1.52,2.9304
PLA_DENSE_FLAKE,PLA,dense flakes,corner_14,340,2.8,0.35,0.42,0.78,8.0,4.0,0.4,0.6925714285714285,3,0.29240117269326465,70.17628144638351,61.42790569761607,1.728,3.24656
PLA_DENSE_FLAKE,PLA,dense flakes,corner_15,500,2.8,0.35,0.42,0.78,8.0,20.0,0.4,0.6925714285714285,3,0.4300017245489186,516.0020694587023,451.67577718835344,1.92,3.5384
PLA_DENSE_FLAKE,PLA,dense flakes,corner_16,340,1.2,0.22,0.27,0.62,20.0,4.0,0.05,0.028000000000000025,1,0.41183263759614736,98.83983302307537,98.34168026463907,0.348,1.14896
PLA_DENSE_FLAKE,PLA,dense flakes,corner_17,500,1.2,0.22,0.27,0.62,20.0,20.0,0.05,0.028000000000000025,1,0.6056362317590402,726.7634781108483,723.1005901811695,0.54,1.4408
PLA_DENSE_FLAKE,PLA,dense flakes,corner_18,340,2.8,0.22,0.27,0.78,20.0,4.0,0.05,0.07800000000000004,1,0.42006929034807033,100.81662968353687,99.40116420278001,0.748,1.7569599999999999
PLA_DENSE_FLAKE,PLA,dense flakes,corner_19,500,2.8,0.22,0.27,0.78,20.0,20.0,0.05,0.07800000000000004,1,0.617748956394221,741.2987476730652,730.8909132557353,0.94,2.0488
PLA_DENSE_FLAKE,PLA,dense flakes,corner_20,340,1.2,0.35,0.27,0.62,20.0,4.0,0.4,0.264,1,0.3377027628288409,81.0486630789218,77.19723060941143,0.8780000000000001,1.9545600000000003
PLA_DENSE_FLAKE,PLA,dense flakes,corner_21,500,1.2,0.35,0.27,0.62,20.0,20.0,0.4,0.264,1,0.49662171004241307,595.9460520508957,567.6266956574372,1.07,2.2464
PLA_DENSE_FLAKE,PLA,dense flakes,corner_22,340,2.8,0.35,0.27,0.78,20.0,4.0,0.4,0.31400000000000006,2,0.3459394155807638,83.02545973938331,78.33286075491337,1.278,2.56256
PLA_DENSE_FLAKE,PLA,dense flakes,corner_23,500,2.8,0.35,0.27,0.78,20.0,20.0,0.4,0.31400000000000006,2,0.5087344346775938,610.4813216131126,575.9769173155395,1.47,2.8544
PLA_DENSE_FLAKE,PLA,dense flakes,corner_24,340,1.2,0.22,0.42,0.62,20.0,4.0,0.05,0.21800000000000005,1,0.3582943947086482,85.99065473007558,82.6163814384674,0.798,1.83296
PLA_DENSE_FLAKE,PLA,dense flakes,corner_25,500,1.2,0.22,0.42,0.62,20.0,20.0,0.05,0.21800000000000005,1,0.526903521630365,632.284225956438,607.4733929299074,0.99,2.1248
PLA_DENSE_FLAKE,PLA,dense flakes,corner_26,340,2.8,0.22,0.42,0.78,20.0,4.0,0.05,0.268,1,0.3665310474605712,87.9674513905371,83.72390153545759,1.198,2.44096
PLA_DENSE_FLAKE,PLA,dense flakes,corner_27,500,2.8,0.22,0.42,0.78,20.0,20.0,0.05,0.268,1,0.5390162462655459,646.8194955186551,615.6169230548352,1.39,2.7328
PLA_DENSE_FLAKE,PLA,dense flakes,corner_28,340,1.2,0.35,0.42,0.62,20.0,4.0,0.4,0.4540000000000002,2,0.28416451994134173,68.19948478592201,62.626222889216464,1.328,2.63856
PLA_DENSE_FLAKE,PLA,dense flakes,corner_29,500,1.2,0.35,0.42,0.62,20.0,20.0,0.4,0.4540000000000002,2,0.41788899991373785,501.46679989648544,460.4869330089446,1.52,2.9304
PLA_DENSE_FLAKE,PLA,dense flakes,corner_30,340,2.8,0.35,0.42,0.78,20.0,4.0,0.4,0.504,2,0.29240117269326465,70.17628144638351,63.8098891935676,1.728,3.24656
PLA_DENSE_FLAKE,PLA,dense flakes,corner_31,500,2.8,0.35,0.42,0.78,20.0,20.0,0.4,0.504,2,0.4300017245489186,516.0020694587023,469.1903617174088,1.92,3.5384
PET_FLAT_FLAKE,PET,flat flakes,center,300,3.0,0.4,0.5,0.59,14.0,12.0,0.2,0.3312857142857145,2,0.3157787312391635,227.36068649219771,213.80284395568725,1.0943333333333336,2.283386666666667
PET_FLAT_FLAKE,PET,flat flakes,oat_bulk_density_kg_m3_low,220,3.0,0.4,0.5,0.59,14.0,12.0,0.2,0.3312857142857145,2,0.23157106957538656,166.73117009427833,156.78875223417066,1.0943333333333336,2.283386666666667
PET_FLAT_FLAKE,PET,flat flakes,oat_bulk_density_kg_m3_high,380,3.0,0.4,0.5,0.59,14.0,12.0,0.2,0.3312857142857145,2,0.39998639290294047,287.99020289011713,270.8169356772039,1.0943333333333336,2.283386666666667
PET_FLAT_FLAKE,PET,flat flakes,oat_aspect_ratio_low,300,2.0,0.4,0.5,0.59,14.0,12.0,0.2,0.25528571428571445,1,0.32740694688893707,235.73300176003468,224.90073356773,1.0063333333333335,2.149626666666667
PET_FLAT_FLAKE,PET,flat flakes,oat_aspect_ratio_high,300,4.5,0.4,0.5,0.59,14.0,12.0,0.2,0.4452857142857145,2,0.29833640776450315,214.80221359044228,197.5855093108632,1.2263333333333333,2.4840266666666664
PET_FLAT_FLAKE,PET,flat flakes,oat_wall_friction_low,300,3.0,0.33,0.5,0.59,14.0,12.0,0.2,0.24728571428571441,1,0.34630279731981917,249.3380140702698,238.23962286683914,0.847,1.9074399999999998
PET_FLAT_FLAKE,PET,flat flakes,oat_wall_friction_high,300,3.0,0.48,0.5,0.59,14.0,12.0,0.2,0.4272857142857144,2,0.28089408428984286,202.24374068868687,186.6888856726904,1.3770000000000002,2.7130400000000003
PET_FLAT_FLAKE,PET,flat flakes,oat_inter_particle_friction_low,300,3.0,0.4,0.41,0.59,14.0,12.0,0.2,0.2362857142857144,1,0.33939854427776606,244.36695187999157,233.97367632089,0.8693333333333334,1.9413866666666668
PET_FLAT_FLAKE,PET,flat flakes,oat_inter_particle_friction_high,300,3.0,0.4,0.59,0.59,14.0,12.0,0.2,0.4262857142857145,2,0.29215891820056095,210.35442110440388,194.21362586674712,1.3193333333333332,2.6253866666666665
PET_FLAT_FLAKE,PET,flat flakes,oat_agitator_rpm_low,300,3.0,0.4,0.5,0.59,8.0,12.0,0.2,0.42557142857142877,2,0.3157787312391635,227.36068649219771,209.94420830493397,1.0943333333333336,2.283386666666667
PET_FLAT_FLAKE,PET,flat flakes,oat_agitator_rpm_high,300,3.0,0.4,0.5,0.59,20.0,12.0,0.2,0.23700000000000018,1,0.3157787312391635,227.36068649219771,217.66147960644057,1.0943333333333336,2.283386666666667
PET_FLAT_FLAKE,PET,flat flakes,oat_auger_rpm_low,300,3.0,0.4,0.5,0.59,14.0,4.0,0.2,0.3312857142857145,2,0.3157787312391635,75.78689549739924,71.26761465189576,0.9983333333333335,2.137466666666667
PET_FLAT_FLAKE,PET,flat flakes,oat_auger_rpm_high,300,3.0,0.4,0.5,0.59,14.0,20.0,0.2,0.3312857142857145,2,0.3157787312391635,378.93447748699623,356.3380732594788,1.1903333333333335,2.4293066666666667
PET_FLAT_FLAKE,PET,flat flakes,oat_throat_fill_low,300,3.0,0.4,0.5,0.5,14.0,12.0,0.2,0.40128571428571447,2,0.2976096442863923,214.27894388620246,198.80126965652505,1.0043333333333335,2.146586666666667
PET_FLAT_FLAKE,PET,flat flakes,oat_throat_fill_high,300,3.0,0.4,0.5,0.68,14.0,12.0,0.2,0.26128571428571445,1,0.3339478181919347,240.44242909819297,229.13407816852052,1.1843333333333335,2.420186666666667
PET_FLAT_FLAKE,PET,flat flakes,oat_screen_discharge_variability_low,300,3.0,0.4,0.5,0.59,14.0,12.0,0.05,0.3072857142857145,2,0.3157787312391635,227.36068649219771,214.78504212133356,1.0943333333333336,2.283386666666667
PET_FLAT_FLAKE,PET,flat flakes,oat_screen_discharge_variability_high,300,3.0,0.4,0.5,0.59,14.0,12.0,0.4,0.36328571428571443,2,0.3157787312391635,227.36068649219771,212.4932464014922,1.0943333333333336,2.283386666666667
PET_FLAT_FLAKE,PET,flat flakes,corner_00,220,2.0,0.33,0.41,0.5,8.0,4.0,0.05,0.2165714285714286,1,0.26647994197397773,63.95518607375465,61.46203019149663,0.348,1.14896
PET_FLAT_FLAKE,PET,flat flakes,corner_01,380,2.0,0.33,0.41,0.5,8.0,20.0,0.05,0.2165714285714286,1,0.4602835361368706,552.3402433642448,530.8084425629255,0.54,1.4408
PET_FLAT_FLAKE,PET,flat flakes,corner_02,220,4.5,0.33,0.41,0.68,8.0,4.0,0.05,0.2665714285714286,1,0.27180954081345726,65.23428979522974,62.10416218716949,0.748,1.7569599999999999
PET_FLAT_FLAKE,PET,flat flakes,corner_03,380,4.5,0.33,0.41,0.68,8.0,20.0,0.05,0.2665714285714286,1,0.469489206859608,563.3870482315295,536.3541279801001,0.94,2.0488
PET_FLAT_FLAKE,PET,flat flakes,corner_04,220,2.0,0.48,0.41,0.5,8.0,4.0,0.4,0.4525714285714286,2,0.21851355241866174,52.44325258047882,48.1710753874085,0.8780000000000001,1.9545600000000003
PET_FLAT_FLAKE,PET,flat flakes,corner_05,380,2.0,0.48,0.41,0.5,8.0,20.0,0.4,0.4525714285714286,2,0.37743249963223396,452.91899955868075,416.0229238003462,1.07,2.2464
PET_FLAT_FLAKE,PET,flat flakes,corner_06,220,4.5,0.48,0.41,0.68,8.0,4.0,0.4,0.5025714285714286,2,0.2238431512581413,53.722356301953916,48.862478458432584,1.278,2.56256
PET_FLAT_FLAKE,PET,flat flakes,corner_07,380,4.5,0.48,0.41,0.68,8.0,20.0,0.4,0.5025714285714286,2,0.38663817035497133,463.9658044259656,421.99413214100866,1.47,2.8544
PET_FLAT_FLAKE,PET,flat flakes,corner_08,220,2.0,0.33,0.59,0.5,8.0,4.0,0.05,0.40657142857142864,2,0.2318375495173606,55.641011884166545,51.56904366016357,0.798,1.83296
PET_FLAT_FLAKE,PET,flat flakes,corner_09,380,2.0,0.33,0.59,0.5,8.0,20.0,0.05,0.40657142857142864,2,0.40044667643907744,480.5360117268929,445.36901342868543,0.99,2.1248
PET_FLAT_FLAKE,PET,flat flakes,corner_10,220,4.5,0.33,0.59,0.68,8.0,4.0,0.05,0.45657142857142863,2,0.2371671483568402,56.92011560564165,52.24225787626829,1.198,2.44096
PET_FLAT_FLAKE,PET,flat flakes,corner_11,380,4.5,0.33,0.59,0.68,8.0,20.0,0.05,0.45657142857142863,2,0.40965234716181487,491.5828165941778,451.18313620413517,1.39,2.7328
PET_FLAT_FLAKE,PET,flat flakes,corner_12,220,2.0,0.48,0.59,0.5,8.0,4.0,0.4,0.6425714285714287,3,0.18387115996204464,44.12907839089071,39.024983101119176,1.328,2.63856
PET_FLAT_FLAKE,PET,flat flakes,corner_13,380,2.0,0.48,0.59,0.5,8.0,20.0,0.4,0.6425714285714287,3,0.31759563993444073,381.1147679213289,337.03394496421106,1.52,2.9304
PET_FLAT_FLAKE,PET,flat flakes,corner_14,220,4.5,0.48,0.59,0.68,8.0,4.0,0.4,0.6925714285714285,3,0.18920075880152418,45.4081821123658,39.7474683925751,1.728,3.24656
PET_FLAT_FLAKE,PET,flat flakes,corner_15,380,4.5,0.48,0.59,0.68,8.0,20.0,0.4,0.6925714285714285,3,0.32680131065717816,392.1615727886138,343.27359066314864,1.92,3.5384
PET_FLAT_FLAKE,PET,flat flakes,corner_16,220,2.0,0.33,0.41,0.5,20.0,4.0,0.05,0.028000000000000025,1,0.26647994197397773,63.95518607375465,63.632851935942924,0.348,1.14896
PET_FLAT_FLAKE,PET,flat flakes,corner_17,380,2.0,0.33,0.41,0.5,20.0,20.0,0.05,0.028000000000000025,1,0.4602835361368706,552.3402433642448,549.556448537689,0.54,1.4408
PET_FLAT_FLAKE,PET,flat flakes,corner_18,220,4.5,0.33,0.41,0.68,20.0,4.0,0.05,0.07800000000000004,1,0.27180954081345726,65.23428979522974,64.31840036650472,0.748,1.7569599999999999
PET_FLAT_FLAKE,PET,flat flakes,corner_19,380,4.5,0.33,0.41,0.68,20.0,20.0,0.05,0.07800000000000004,1,0.469489206859608,563.3870482315295,555.4770940743589,0.94,2.0488
PET_FLAT_FLAKE,PET,flat flakes,corner_20,220,2.0,0.48,0.41,0.5,20.0,4.0,0.4,0.264,1,0.21851355241866174,52.44325258047882,49.951149217854464,0.8780000000000001,1.9545600000000003
PET_FLAT_FLAKE,PET,flat flakes,corner_21,380,2.0,0.48,0.41,0.5,20.0,20.0,0.4,0.264,1,0.37743249963223396,452.91899955868075,431.39628869965225,1.07,2.2464
PET_FLAT_FLAKE,PET,flat flakes,corner_22,220,4.5,0.48,0.41,0.68,20.0,4.0,0.4,0.31400000000000006,2,0.2238431512581413,53.722356301953916,50.68596872376748,1.278,2.56256
PET_FLAT_FLAKE,PET,flat flakes,corner_23,380,4.5,0.48,0.41,0.68,20.0,20.0,0.4,0.31400000000000006,2,0.38663817035497133,463.9658044259656,437.74245715981,1.47,2.8544
PET_FLAT_FLAKE,PET,flat flakes,corner_24,220,2.0,0.33,0.59,0.5,20.0,4.0,0.05,0.21800000000000005,1,0.2318375495173606,55.641011884166545,53.45765857783185,0.798,1.83296
PET_FLAT_FLAKE,PET,flat flakes,corner_25,380,2.0,0.33,0.59,0.5,20.0,20.0,0.05,0.21800000000000005,1,0.40044667643907744,480.5360117268929,461.6797786267296,0.99,2.1248
PET_FLAT_FLAKE,PET,flat flakes,corner_26,220,4.5,0.33,0.59,0.68,20.0,4.0,0.05,0.268,1,0.2371671483568402,56.92011560564165,54.1742892288255,1.198,2.44096
PET_FLAT_FLAKE,PET,flat flakes,corner_27,380,4.5,0.33,0.59,0.68,20.0,20.0,0.05,0.268,1,0.40965234716181487,491.5828165941778,467.8688615216747,1.39,2.7328
PET_FLAT_FLAKE,PET,flat flakes,corner_28,220,2.0,0.48,0.59,0.5,20.0,4.0,0.4,0.4540000000000002,2,0.18387115996204464,44.12907839089071,40.522850104787125,1.328,2.63856
PET_FLAT_FLAKE,PET,flat flakes,corner_29,380,2.0,0.48,0.59,0.5,20.0,20.0,0.4,0.4540000000000002,2,0.31759563993444073,381.1147679213289,349.9700690867979,1.52,2.9304
PET_FLAT_FLAKE,PET,flat flakes,corner_30,220,4.5,0.48,0.59,0.68,20.0,4.0,0.4,0.504,2,0.18920075880152418,45.4081821123658,41.288751831131975,1.728,3.24656
PET_FLAT_FLAKE,PET,flat flakes,corner_31,380,4.5,0.48,0.59,0.68,20.0,20.0,0.4,0.504,2,0.32680131065717816,392.1615727886138,356.58467490523077,1.92,3.5384
PET_FOLDED_FLAKE,PET,folded flakes,center,240,4.5,0.43,0.54,0.54,14.0,12.0,0.2,0.34242016806722697,2,0.2507587932763147,180.54633115894657,169.41824424826038,1.1145395842547545,2.314100168067227
PET_FOLDED_FLAKE,PET,folded flakes,oat_bulk_density_kg_m3_low,175,4.5,0.43,0.54,0.54,14.0,12.0,0.2,0.34242016806722697,2,0.1828449534306461,131.64836647006518,123.53413643102317,1.1145395842547545,2.314100168067227
PET_FOLDED_FLAKE,PET,folded flakes,oat_bulk_density_kg_m3_high,315,4.5,0.43,0.54,0.54,14.0,12.0,0.2,0.34242016806722697,2,0.329120916175163,236.96705964611735,222.36144557584174,1.1145395842547545,2.314100168067227
PET_FOLDED_FLAKE,PET,folded flakes,oat_aspect_ratio_low,240,3.0,0.43,0.54,0.54,14.0,12.0,0.2,0.26099159663865557,1,0.26072583526183485,187.7226013885211,178.90367752544174,1.0202538699690402,2.1707858823529413
PET_FOLDED_FLAKE,PET,folded flakes,oat_aspect_ratio_high,240,6.5,0.43,0.54,0.54,14.0,12.0,0.2,0.4509915966386556,2,0.23746940396228772,170.97797085284716,157.0982378011538,1.2402538699690404,2.5051858823529414
PET_FOLDED_FLAKE,PET,folded flakes,oat_wall_friction_low,240,4.5,0.35,0.54,0.54,14.0,12.0,0.2,0.2577142857142858,1,0.2753832499464234,198.27593996142483,189.07820235795714,0.8651278195488723,1.934994285714286
PET_FOLDED_FLAKE,PET,folded flakes,oat_wall_friction_high,240,4.5,0.52,0.54,0.54,14.0,12.0,0.2,0.43771428571428583,2,0.22305627952244236,160.60052125615852,147.94703561570188,1.3951278195488723,2.740594285714286
PET_FOLDED_FLAKE,PET,folded flakes,oat_inter_particle_friction_low,240,4.5,0.43,0.44,0.54,14.0,12.0,0.2,0.24242016806722697,1,0.2706491621509274,194.86739674866772,186.36423507595342,0.8776974789915967,1.9541001680672268
PET_FOLDED_FLAKE,PET,folded flakes,oat_inter_particle_friction_high,240,4.5,0.43,0.63,0.54,14.0,12.0,0.2,0.43242016806722694,2,0.23285746128916324,167.65737212819752,154.60765490218827,1.3276974789915967,2.6381001680672274
PET_FOLDED_FLAKE,PET,folded flakes,oat_agitator_rpm_low,240,4.5,0.43,0.54,0.54,8.0,12.0,0.2,0.4367058823529412,2,0.2507587932763147,180.54633115894657,166.35411508516282,1.1145395842547545,2.314100168067227
PET_FOLDED_FLAKE,PET,folded flakes,oat_agitator_rpm_high,240,4.5,0.43,0.54,0.54,20.0,12.0,0.2,0.24813445378151264,1,0.2507587932763147,180.54633115894657,172.48237341135794,1.1145395842547545,2.314100168067227
PET_FOLDED_FLAKE,PET,folded flakes,oat_auger_rpm_low,240,4.5,0.43,0.54,0.54,14.0,4.0,0.2,0.34242016806722697,2,0.2507587932763147,60.18211038631552,56.47274808275346,1.0185395842547547,2.1681801680672272
PET_FOLDED_FLAKE,PET,folded flakes,oat_auger_rpm_high,240,4.5,0.43,0.54,0.54,14.0,20.0,0.2,0.34242016806722697,2,0.2507587932763147,300.91055193157763,282.36374041376735,1.2105395842547546,2.460020168067227
PET_FOLDED_FLAKE,PET,folded flakes,oat_throat_fill_low,240,4.5,0.43,0.54,0.45,14.0,12.0,0.2,0.41242016806722703,2,0.23622352371409766,170.0809370741503,157.45487151658284,1.0245395842547547,2.177300168067227
PET_FOLDED_FLAKE,PET,folded flakes,oat_throat_fill_high,240,4.5,0.43,0.54,0.63,14.0,12.0,0.2,0.272420168067227,1,0.26529406283853163,191.01172524374277,181.6453449108747,1.2045395842547548,2.4509001680672275
PET_FOLDED_FLAKE,PET,folded flakes,oat_screen_discharge_variability_low,240,4.5,0.43,0.54,0.54,14.0,12.0,0.05,0.31842016806722695,2,0.2507587932763147,180.54633115894657,170.19820439886703,1.1145395842547545,2.314100168067227
PET_FOLDED_FLAKE,PET,folded flakes,oat_screen_discharge_variability_high,240,4.5,0.43,0.54,0.54,14.0,12.0,0.4,0.374420168067227,2,0.2507587932763147,180.54633115894657,168.37829738078486,1.1145395842547545,2.314100168067227
PET_FOLDED_FLAKE,PET,folded flakes,corner_00,175,3.0,0.35,0.44,0.45,8.0,4.0,0.05,0.2165714285714286,1,0.21197268111566409,50.87344346775938,48.8902512886905,0.348,1.14896
PET_FOLDED_FLAKE,PET,folded flakes,corner_01,315,3.0,0.35,0.44,0.45,8.0,20.0,0.05,0.2165714285714286,1,0.38155082600819534,457.8609912098344,440.0122615982145,0.54,1.4408
PET_FOLDED_FLAKE,PET,folded flakes,corner_02,175,6.5,0.35,0.44,0.63,8.0,4.0,0.05,0.2665714285714286,1,0.21621213473797735,51.890912337114564,49.401038103430274,0.748,1.7569599999999999
PET_FOLDED_FLAKE,PET,folded flakes,corner_03,315,6.5,0.35,0.44,0.63,8.0,20.0,0.05,0.2665714285714286,1,0.38918184252835925,467.0182110340311,444.60934293087246,0.94,2.0488
PET_FOLDED_FLAKE,PET,folded flakes,corner_04,175,3.0,0.52,0.44,0.45,8.0,4.0,0.4,0.4525714285714286,2,0.17381759851484457,41.7162236435627,38.31790087634767,0.8780000000000001,1.9545600000000003
PET_FOLDED_FLAKE,PET,folded flakes,corner_05,315,3.0,0.52,0.44,0.45,8.0,20.0,0.4,0.4525714285714286,2,0.3128716773267202,375.44601279206427,344.86110788712904,1.07,2.2464
PET_FOLDED_FLAKE,PET,folded flakes,corner_06,175,6.5,0.52,0.44,0.63,8.0,4.0,0.4,0.5025714285714286,2,0.17805705213715783,42.733692512917884,38.867880591935005,1.278,2.56256
PET_FOLDED_FLAKE,PET,folded flakes,corner_07,315,6.5,0.52,0.44,0.63,8.0,20.0,0.4,0.5025714285714286,2,0.3205026938468841,384.6032326162609,349.810925327415,1.47,2.8544
PET_FOLDED_FLAKE,PET,folded flakes,corner_08,175,3.0,0.35,0.63,0.45,8.0,4.0,0.05,0.40657142857142864,2,0.18441623257062775,44.25989581695066,41.02083018422102,0.798,1.83296
PET_FOLDED_FLAKE,PET,folded flakes,corner_09,315,3.0,0.35,0.63,0.45,8.0,20.0,0.05,0.40657142857142864,2,0.33194921862712995,398.3390623525559,369.1874716579892,0.99,2.1248
PET_FOLDED_FLAKE,PET,folded flakes,corner_10,175,6.5,0.35,0.63,0.63,8.0,4.0,0.05,0.45657142857142863,2,0.18865568619294104,45.27736468630585,41.55634149248613,1.198,2.44096
PET_FOLDED_FLAKE,PET,folded flakes,corner_11,315,6.5,0.35,0.63,0.63,8.0,20.0,0.05,0.45657142857142863,2,0.3395802351472939,407.4962821767527,374.00707343237525,1.39,2.7328
PET_FOLDED_FLAKE,PET,folded flakes,corner_12,175,3.0,0.52,0.63,0.45,8.0,4.0,0.4,0.6425714285714287,3,0.14626114996980824,35.10267599275398,31.042600194072072,1.328,2.63856
PET_FOLDED_FLAKE,PET,folded flakes,corner_13,315,3.0,0.52,0.63,0.45,8.0,20.0,0.4,0.6425714285714287,3,0.2632700699456548,315.9240839347858,279.38340174664864,1.52,2.9304
PET_FOLDED_FLAKE,PET,folded flakes,corner_14,175,6.5,0.52,0.63,0.63,8.0,4.0,0.4,0.6925714285714285,3,0.1505006035921215,36.12014486210916,31.617304403184736,1.728,3.24656
PET_FOLDED_FLAKE,PET,folded flakes,corner_15,315,6.5,0.52,0.63,0.63,8.0,20.0,0.4,0.6925714285714285,3,0.27090108646581873,325.0813037589825,284.55573962866265,1.92,3.5384
PET_FOLDED_FLAKE,PET,folded flakes,corner_16,175,3.0,0.35,0.44,0.45,20.0,4.0,0.05,0.028000000000000025,1,0.21197268111566409,50.87344346775938,50.61704131268187,0.348,1.14896
PET_FOLDED_FLAKE,PET,folded flakes,corner_17,315,3.0,0.35,0.44,0.45,20.0,20.0,0.05,0.028000000000000025,1,0.38155082600819534,457.8609912098344,455.5533718141368,0.54,1.4408
PET_FOLDED_FLAKE,PET,folded flakes,corner_18,175,6.5,0.35,0.44,0.63,20.0,4.0,0.05,0.07800000000000004,1,0.21621213473797735,51.890912337114564,51.162363927901474,0.748,1.7569599999999999
PET_FOLDED_FLAKE,PET,folded flakes,corner_19,315,6.5,0.35,0.44,0.63,20.0,20.0,0.05,0.07800000000000004,1,0.38918184252835925,467.0182110340311,460.4612753511133,0.94,2.0488
PET_FOLDED_FLAKE,PET,folded flakes,corner_20,175,3.0,0.52,0.44,0.45,20.0,4.0,0.4,0.264,1,0.17381759851484457,41.7162236435627,39.7338686960206,0.8780000000000001,1.9545600000000003
PET_FOLDED_FLAKE,PET,folded flakes,corner_21,315,3.0,0.52,0.44,0.45,20.0,20.0,0.4,0.264,1,0.3128716773267202,375.44601279206427,357.6048182641854,1.07,2.2464
PET_FOLDED_FLAKE,PET,folded flakes,corner_22,175,6.5,0.52,0.44,0.63,20.0,4.0,0.4,0.31400000000000006,2,0.17805705213715783,42.733692512917884,40.318384212087764,1.278,2.56256
PET_FOLDED_FLAKE,PET,folded flakes,corner_23,315,6.5,0.52,0.44,0.63,20.0,20.0,0.4,0.31400000000000006,2,0.3205026938468841,384.6032326162609,362.86545790878984,1.47,2.8544
PET_FOLDED_FLAKE,PET,folded flakes,corner_24,175,3.0,0.35,0.63,0.45,20.0,4.0,0.05,0.21800000000000005,1,0.18441623257062775,44.25989581695066,42.523137505093516,0.798,1.83296
PET_FOLDED_FLAKE,PET,folded flakes,corner_25,315,3.0,0.35,0.63,0.45,20.0,20.0,0.05,0.21800000000000005,1,0.33194921862712995,398.3390623525559,382.7082375458416,0.99,2.1248
PET_FOLDED_FLAKE,PET,folded flakes,corner_26,175,6.5,0.35,0.63,0.63,20.0,4.0,0.05,0.268,1,0.18865568619294104,45.27736468630585,43.09318461383846,1.198,2.44096
PET_FOLDED_FLAKE,PET,folded flakes,corner_27,315,6.5,0.35,0.63,0.63,20.0,20.0,0.05,0.268,1,0.3395802351472939,407.4962821767527,387.8386615245462,1.39,2.7328
PET_FOLDED_FLAKE,PET,folded flakes,corner_28,175,3.0,0.52,0.63,0.45,20.0,4.0,0.4,0.4540000000000002,2,0.14626114996980824,35.10267599275398,32.23408531062612,1.328,2.63856
PET_FOLDED_FLAKE,PET,folded flakes,corner_29,315,3.0,0.52,0.63,0.45,20.0,20.0,0.4,0.4540000000000002,2,0.2632700699456548,315.9240839347858,290.1067677956351,1.52,2.9304
PET_FOLDED_FLAKE,PET,folded flakes,corner_30,175,6.5,0.52,0.63,0.63,20.0,4.0,0.4,0.504,2,0.1505006035921215,36.12014486210916,32.84332532021861,1.728,3.24656
PET_FOLDED_FLAKE,PET,folded flakes,corner_31,315,6.5,0.52,0.63,0.63,20.0,20.0,0.4,0.504,2,0.27090108646581873,325.0813037589825,295.5899278819676,1.92,3.5384
PET_LONG_ASPECT,PET,long-aspect fragments,center,180,9.0,0.47,0.58,0.49,14.0,12.0,0.2,0.35607268170426065,2,0.18677274948743455,134.4763796309529,125.85737390915963,1.1307669172932329,2.338765714285714
PET_LONG_ASPECT,PET,long-aspect fragments,oat_bulk_density_kg_m3_low,125,9.0,0.47,0.58,0.49,14.0,12.0,0.2,0.35607268170426065,2,0.1297032982551629,93.3863747437173,87.40095410358309,1.1307669172932329,2.338765714285714
PET_LONG_ASPECT,PET,long-aspect fragments,oat_bulk_density_kg_m3_high,245,9.0,0.47,0.58,0.49,14.0,12.0,0.2,0.35607268170426065,2,0.25421846458011926,183.03729449768588,171.30587004302285,1.1307669172932329,2.338765714285714
PET_LONG_ASPECT,PET,long-aspect fragments,oat_aspect_ratio_low,180,6.0,0.47,0.58,0.49,14.0,12.0,0.2,0.2610726817042607,1,0.19549391122476473,140.7556160818306,134.1410757738552,1.020766917293233,2.1715657142857143
PET_LONG_ASPECT,PET,long-aspect fragments,oat_aspect_ratio_high,180,12.0,0.47,0.58,0.49,14.0,12.0,0.2,0.45107268170426074,2,0.17805158775010438,128.19714318007516,117.78842193108407,1.2407669172932332,2.5059657142857144
PET_LONG_ASPECT,PET,long-aspect fragments,oat_wall_friction_low,180,9.0,0.38,0.58,0.49,14.0,12.0,0.2,0.27080952380952383,1,0.20536259424332254,147.86106785519223,140.6534744875424,0.8797142857142856,1.957165714285714
PET_LONG_ASPECT,PET,long-aspect fragments,oat_wall_friction_high,180,9.0,0.57,0.58,0.49,14.0,12.0,0.2,0.45080952380952377,2,0.16611736642533675,119.60450382624246,109.89911093147357,1.4097142857142857,2.7627657142857145
PET_LONG_ASPECT,PET,long-aspect fragments,oat_inter_particle_friction_low,180,9.0,0.47,0.47,0.49,14.0,12.0,0.2,0.2565488721804512,1,0.20161948911169902,145.1660321604233,138.4624394310831,0.8950526315789473,1.98048
PET_LONG_ASPECT,PET,long-aspect fragments,oat_inter_particle_friction_high,180,9.0,0.47,0.68,0.49,14.0,12.0,0.2,0.44654887218045114,2,0.17327571346537596,124.75851369507069,114.73057444969092,1.3450526315789477,2.6644800000000006
PET_LONG_ASPECT,PET,long-aspect fragments,oat_agitator_rpm_low,180,9.0,0.47,0.58,0.49,8.0,12.0,0.2,0.4503583959899749,2,0.18677274948743455,134.4763796309529,123.57511763770862,1.1307669172932329,2.338765714285714
PET_LONG_ASPECT,PET,long-aspect fragments,oat_agitator_rpm_high,180,9.0,0.47,0.58,0.49,20.0,12.0,0.2,0.26178696741854635,1,0.18677274948743455,134.4763796309529,128.13963018061068,1.1307669172932329,2.338765714285714
PET_LONG_ASPECT,PET,long-aspect fragments,oat_auger_rpm_low,180,9.0,0.47,0.58,0.49,14.0,4.0,0.2,0.35607268170426065,2,0.18677274948743455,44.82545987698429,41.95245796971987,1.0347669172932328,2.192845714285714
PET_LONG_ASPECT,PET,long-aspect fragments,oat_auger_rpm_high,180,9.0,0.47,0.58,0.49,14.0,20.0,0.2,0.35607268170426065,2,0.18677274948743455,224.12729938492146,209.76228984859938,1.226766917293233,2.484685714285714
PET_LONG_ASPECT,PET,long-aspect fragments,oat_throat_fill_low,180,9.0,0.47,0.58,0.4,14.0,12.0,0.2,0.4260726817042606,2,0.17587129731577184,126.62733406735572,116.9158934627906,1.040766917293233,2.201965714285714
PET_LONG_ASPECT,PET,long-aspect fragments,oat_throat_fill_high,180,9.0,0.47,0.58,0.58,14.0,12.0,0.2,0.2860726817042606,1,0.19767420165909727,142.32542519455004,134.99665030373131,1.2207669172932327,2.4755657142857137
PET_LONG_ASPECT,PET,long-aspect fragments,oat_screen_discharge_variability_low,180,9.0,0.47,0.58,0.49,14.0,12.0,0.05,0.33207268170426063,2,0.18677274948743455,134.4763796309529,126.43831186916535,1.1307669172932329,2.338765714285714
PET_LONG_ASPECT,PET,long-aspect fragments,oat_screen_discharge_variability_high,180,9.0,0.47,0.58,0.49,14.0,12.0,0.4,0.38807268170426057,2,0.18677274948743455,134.4763796309529,125.08278996248535,1.1307669172932329,2.338765714285714
PET_LONG_ASPECT,PET,long-aspect fragments,corner_00,125,6.0,0.38,0.47,0.4,8.0,4.0,0.05,0.2165714285714286,1,0.15140905793976006,36.33817390554241,34.921608063350355,0.348,1.14896
PET_LONG_ASPECT,PET,long-aspect fragments,corner_01,245,6.0,0.38,0.47,0.4,8.0,20.0,0.05,0.2165714285714286,1,0.2967617535619297,356.11410427431565,342.23175902083347,0.54,1.4408
PET_LONG_ASPECT,PET,long-aspect fragments,corner_02,125,12.0,0.38,0.47,0.58,8.0,4.0,0.05,0.2665714285714286,1,0.15443723909855525,37.06493738365326,35.28645578816448,0.748,1.7569599999999999
PET_LONG_ASPECT,PET,long-aspect fragments,corner_03,245,12.0,0.38,0.47,0.58,8.0,20.0,0.05,0.2665714285714286,1,0.3026969886331683,363.23638635980194,345.8072667240119,0.94,2.0488
PET_LONG_ASPECT,PET,long-aspect fragments,corner_04,125,6.0,0.57,0.47,0.4,8.0,4.0,0.4,0.4525714285714286,2,0.12415542751060327,29.797302602544782,27.36992919739119,0.8780000000000001,1.9545600000000003
PET_LONG_ASPECT,PET,long-aspect fragments,corner_05,245,6.0,0.57,0.47,0.4,8.0,20.0,0.4,0.4525714285714286,2,0.24334463792078237,292.01356550493887,268.22530613443365,1.07,2.2464
PET_LONG_ASPECT,PET,long-aspect fragments,corner_06,125,12.0,0.57,0.47,0.58,8.0,4.0,0.4,0.5025714285714286,2,0.12718360866939846,30.52406608065563,27.762771851382148,1.278,2.56256
PET_LONG_ASPECT,PET,long-aspect fragments,corner_07,245,12.0,0.57,0.47,0.58,8.0,20.0,0.4,0.5025714285714286,2,0.24927987299202095,299.13584759042516,272.075164143545,1.47,2.8544
PET_LONG_ASPECT,PET,long-aspect fragments,corner_08,125,6.0,0.38,0.68,0.4,8.0,4.0,0.05,0.40657142857142864,2,0.13172588040759126,31.614211297821903,29.300592988729303,0.798,1.83296
PET_LONG_ASPECT,PET,long-aspect fragments,corner_09,245,6.0,0.38,0.68,0.4,8.0,20.0,0.05,0.40657142857142864,2,0.25818272559887884,309.8192707186546,287.1458112895471,0.99,2.1248
PET_LONG_ASPECT,PET,long-aspect fragments,corner_10,125,12.0,0.38,0.68,0.58,8.0,4.0,0.05,0.45657142857142863,2,0.13475406156638647,32.34097477593275,29.683101066061525,1.198,2.44096
PET_LONG_ASPECT,PET,long-aspect fragments,corner_11,245,12.0,0.38,0.68,0.58,8.0,20.0,0.05,0.45657142857142863,2,0.26411796067011745,316.94155280414094,290.89439044740294,1.39,2.7328
PET_LONG_ASPECT,PET,long-aspect fragments,corner_12,125,6.0,0.57,0.68,0.4,8.0,4.0,0.4,0.6425714285714287,3,0.10447224997843446,25.07333999482427,22.173285852908624,1.328,2.63856
PET_LONG_ASPECT,PET,long-aspect fragments,corner_13,245,6.0,0.57,0.68,0.4,8.0,20.0,0.4,0.6425714285714287,3,0.20476560995773152,245.7187319492778,217.29820135850449,1.52,2.9304
PET_LONG_ASPECT,PET,long-aspect fragments,corner_14,125,12.0,0.57,0.68,0.58,8.0,4.0,0.4,0.6925714285714285,3,0.10750043113722965,25.800103472935117,22.583788859417673,1.728,3.24656
PET_LONG_ASPECT,PET,long-aspect fragments,corner_15,245,12.0,0.57,0.68,0.58,8.0,20.0,0.4,0.6925714285714285,3,0.2107008450289701,252.84101403476413,221.32113082229318,1.92,3.5384
PET_LONG_ASPECT,PET,long-aspect fragments,corner_16,125,6.0,0.38,0.47,0.4,20.0,4.0,0.05,0.028000000000000025,1,0.15140905793976006,36.33817390554241,36.15502950905848,0.348,1.14896
PET_LONG_ASPECT,PET,long-aspect fragments,corner_17,245,6.0,0.38,0.47,0.4,20.0,20.0,0.05,0.028000000000000025,1,0.2967617535619297,356.11410427431565,354.3192891887731,0.54,1.4408
PET_LONG_ASPECT,PET,long-aspect fragments,corner_18,125,12.0,0.38,0.47,0.58,20.0,4.0,0.05,0.07800000000000004,1,0.15443723909855525,37.06493738365326,36.54454566278677,0.748,1.7569599999999999
PET_LONG_ASPECT,PET,long-aspect fragments,corner_19,245,12.0,0.38,0.47,0.58,20.0,20.0,0.05,0.07800000000000004,1,0.3026969886331683,363.23638635980194,358.1365474953103,0.94,2.0488
PET_LONG_ASPECT,PET,long-aspect fragments,corner_20,125,6.0,0.57,0.47,0.4,20.0,4.0,0.4,0.264,1,0.12415542751060327,29.797302602544782,28.381334782871853,0.8780000000000001,1.9545600000000003
PET_LONG_ASPECT,PET,long-aspect fragments,corner_21,245,6.0,0.57,0.47,0.4,20.0,20.0,0.4,0.264,1,0.24334463792078237,292.01356550493887,278.13708087214417,1.07,2.2464
PET_LONG_ASPECT,PET,long-aspect fragments,corner_22,125,12.0,0.57,0.47,0.58,20.0,4.0,0.4,0.31400000000000006,2,0.12718360866939846,30.52406608065563,28.798845865776972,1.278,2.56256
PET_LONG_ASPECT,PET,long-aspect fragments,corner_23,245,12.0,0.57,0.47,0.58,20.0,20.0,0.4,0.31400000000000006,2,0.24927987299202095,299.13584759042516,282.22868948461434,1.47,2.8544
PET_LONG_ASPECT,PET,long-aspect fragments,corner_24,125,6.0,0.38,0.68,0.4,20.0,4.0,0.05,0.21800000000000005,1,0.13172588040759126,31.614211297821903,30.37366964649537,0.798,1.83296
PET_LONG_ASPECT,PET,long-aspect fragments,corner_25,245,6.0,0.38,0.68,0.4,20.0,20.0,0.05,0.21800000000000005,1,0.25818272559887884,309.8192707186546,297.6619625356546,0.99,2.1248
PET_LONG_ASPECT,PET,long-aspect fragments,corner_26,125,12.0,0.38,0.68,0.58,20.0,4.0,0.05,0.268,1,0.13475406156638647,32.34097477593275,30.780846152741756,1.198,2.44096
PET_LONG_ASPECT,PET,long-aspect fragments,corner_27,245,12.0,0.38,0.68,0.58,20.0,20.0,0.05,0.268,1,0.26411796067011745,316.94155280414094,301.6522922968692,1.39,2.7328
PET_LONG_ASPECT,PET,long-aspect fragments,corner_28,125,6.0,0.57,0.68,0.4,20.0,4.0,0.4,0.4540000000000002,2,0.10447224997843446,25.07333999482427,23.02434665044723,1.328,2.63856
PET_LONG_ASPECT,PET,long-aspect fragments,corner_29,245,6.0,0.57,0.68,0.4,20.0,20.0,0.4,0.4540000000000002,2,0.20476560995773152,245.7187319492778,225.63859717438282,1.52,2.9304
PET_LONG_ASPECT,PET,long-aspect fragments,corner_30,125,12.0,0.57,0.68,0.58,20.0,4.0,0.4,0.504,2,0.10750043113722965,25.800103472935117,23.459518085870442,1.728,3.24656
PET_LONG_ASPECT,PET,long-aspect fragments,corner_31,245,12.0,0.57,0.68,0.58,20.0,20.0,0.4,0.504,2,0.2107008450289701,252.84101403476413,229.90327724153033,1.92,3.5384
PET_LOW_BULK,PET,low-bulk-density flakes,center,150,5.0,0.45,0.55,0.48,14.0,12.0,0.2,0.32253571428571437,2,0.15897951083674808,114.46524780245862,107.81980431950431,1.0770555555555557,2.2571244444444445
PET_LOW_BULK,PET,low-bulk-density flakes,oat_bulk_density_kg_m3_low,105,5.0,0.45,0.55,0.48,14.0,12.0,0.2,0.32253571428571437,2,0.11128565758572365,80.12567346172102,75.47386302365301,1.0770555555555557,2.2571244444444445
PET_LOW_BULK,PET,low-bulk-density flakes,oat_bulk_density_kg_m3_high,205,5.0,0.45,0.55,0.48,14.0,12.0,0.2,0.32253571428571437,2,0.2172719981435557,156.4358386633601,147.3537325699892,1.0770555555555557,2.2571244444444445
PET_LOW_BULK,PET,low-bulk-density flakes,oat_aspect_ratio_low,150,3.5,0.45,0.55,0.48,14.0,12.0,0.2,0.25128571428571433,1,0.1644302369225794,118.38977058425718,113.03483213248754,0.9945555555555556,2.1317244444444445
PET_LOW_BULK,PET,low-bulk-density flakes,oat_aspect_ratio_high,150,7.5,0.45,0.55,0.48,14.0,12.0,0.2,0.4412857142857144,2,0.14989496736036245,107.92437649946096,99.35178909642806,1.2145555555555556,2.4661244444444446
PET_LOW_BULK,PET,low-bulk-density flakes,oat_wall_friction_low,150,5.0,0.37,0.55,0.48,14.0,12.0,0.2,0.24253571428571438,1,0.17351478039896504,124.93064188725482,119.47661624332116,0.8415,1.89908
PET_LOW_BULK,PET,low-bulk-density flakes,oat_wall_friction_high,150,5.0,0.55,0.55,0.48,14.0,12.0,0.2,0.42253571428571446,2,0.14081042388397685,101.38350519646333,93.67263787516747,1.3715000000000002,2.70468
PET_LOW_BULK,PET,low-bulk-density flakes,oat_inter_particle_friction_low,150,5.0,0.45,0.45,0.48,14.0,12.0,0.2,0.22753571428571426,1,0.17078941735604936,122.96838049635554,117.9320348040123,0.8520555555555556,1.9151244444444444
PET_LOW_BULK,PET,low-bulk-density flakes,oat_inter_particle_friction_high,150,5.0,0.45,0.65,0.48,14.0,12.0,0.2,0.41753571428571434,2,0.1471696043174468,105.96211510856169,97.99838097312758,1.3020555555555555,2.5991244444444446
PET_LOW_BULK,PET,low-bulk-density flakes,oat_agitator_rpm_low,150,5.0,0.45,0.55,0.48,8.0,12.0,0.2,0.4168214285714286,2,0.15897951083674808,114.46524780245862,105.87716554251402,1.0770555555555557,2.2571244444444445
PET_LOW_BULK,PET,low-bulk-density flakes,oat_agitator_rpm_high,150,5.0,0.45,0.55,0.48,20.0,12.0,0.2,0.22825000000000004,1,0.15897951083674808,114.46524780245862,109.76244309649461,1.0770555555555557,2.2571244444444445
PET_LOW_BULK,PET,low-bulk-density flakes,oat_auger_rpm_low,150,5.0,0.45,0.55,0.48,14.0,4.0,0.2,0.32253571428571437,2,0.15897951083674808,38.15508260081954,35.939934773168105,0.9810555555555557,2.1112044444444447
PET_LOW_BULK,PET,low-bulk-density flakes,oat_auger_rpm_high,150,5.0,0.45,0.55,0.48,14.0,20.0,0.2,0.32253571428571437,2,0.15897951083674808,190.7754130040977,179.6996738658405,1.1730555555555555,2.4030444444444443
PET_LOW_BULK,PET,low-bulk-density flakes,oat_throat_fill_low,150,5.0,0.45,0.55,0.39,14.0,12.0,0.2,0.3925357142857143,2,0.14989496736036245,107.92437649946096,100.29882550021082,0.9870555555555557,2.1203244444444445
PET_LOW_BULK,PET,low-bulk-density flakes,oat_throat_fill_high,150,5.0,0.45,0.55,0.57,14.0,12.0,0.2,0.2525357142857143,1,0.16806405431313365,121.00611910545622,115.50561309563327,1.1670555555555557,2.3939244444444445
PET_LOW_BULK,PET,low-bulk-density flakes,oat_screen_discharge_variability_low,150,5.0,0.45,0.55,0.48,14.0,12.0,0.05,0.29853571428571435,2,0.15897951083674808,114.46524780245862,108.31429419001093,1.0770555555555557,2.2571244444444445
PET_LOW_BULK,PET,low-bulk-density flakes,oat_screen_discharge_variability_high,150,5.0,0.45,0.55,0.48,14.0,12.0,0.4,0.3545357142857143,2,0.15897951083674808,114.46524780245862,107.16048449216215,1.0770555555555557,2.2571244444444445
PET_LOW_BULK,PET,low-bulk-density flakes,corner_00,105,3.5,0.37,0.45,0.39,8.0,4.0,0.05,0.2165714285714286,1,0.12718360866939846,30.52406608065563,29.3341507732143,0.348,1.14896
PET_LOW_BULK,PET,low-bulk-density flakes,corner_01,205,3.5,0.37,0.45,0.39,8.0,20.0,0.05,0.2165714285714286,1,0.2483108550212065,297.9730260254478,286.3571861194729,0.54,1.4408
PET_LOW_BULK,PET,low-bulk-density flakes,corner_02,105,7.5,0.37,0.45,0.57,8.0,4.0,0.05,0.2665714285714286,1,0.1297272808427864,31.134547402268737,29.640622862058162,0.748,1.7569599999999999
PET_LOW_BULK,PET,low-bulk-density flakes,corner_03,205,7.5,0.37,0.45,0.57,8.0,20.0,0.05,0.2665714285714286,1,0.25327707212163064,303.93248654595675,289.34893746294875,0.94,2.0488
PET_LOW_BULK,PET,low-bulk-density flakes,corner_04,105,3.5,0.55,0.45,0.39,8.0,4.0,0.4,0.4525714285714286,2,0.10429055910890674,25.029734186137617,22.9907405258086,0.8780000000000001,1.9545600000000003
PET_LOW_BULK,PET,low-bulk-density flakes,corner_05,205,3.5,0.55,0.45,0.39,8.0,20.0,0.4,0.4525714285714286,2,0.20361490111738934,244.3378813408672,224.43341941860774,1.07,2.2464
PET_LOW_BULK,PET,low-bulk-density flakes,corner_06,105,7.5,0.55,0.45,0.57,8.0,4.0,0.4,0.5025714285714286,2,0.1068342312822947,25.640215507750728,23.320728355161002,1.278,2.56256
PET_LOW_BULK,PET,low-bulk-density flakes,corner_07,205,7.5,0.55,0.45,0.57,8.0,20.0,0.4,0.5025714285714286,2,0.20858111821781347,250.29734186137617,227.6547291813336,1.47,2.8544
PET_LOW_BULK,PET,low-bulk-density flakes,corner_08,105,3.5,0.37,0.65,0.39,8.0,4.0,0.05,0.40657142857142864,2,0.11064973954237664,26.555937490170393,24.61249811053261,0.798,1.83296
PET_LOW_BULK,PET,low-bulk-density flakes,corner_09,205,3.5,0.37,0.65,0.39,8.0,20.0,0.05,0.40657142857142864,2,0.21603044386844963,259.23653264213954,240.26486250758023,0.99,2.1248
PET_LOW_BULK,PET,low-bulk-density flakes,corner_10,105,7.5,0.37,0.65,0.57,8.0,4.0,0.05,0.45657142857142863,2,0.11319341171576462,27.166418811783508,24.93380489549168,1.198,2.44096
PET_LOW_BULK,PET,low-bulk-density flakes,corner_11,205,7.5,0.37,0.65,0.57,8.0,20.0,0.05,0.45657142857142863,2,0.2209966609688738,265.19599316264856,243.4014287417045,1.39,2.7328
PET_LOW_BULK,PET,low-bulk-density flakes,corner_12,105,3.5,0.55,0.65,0.39,8.0,4.0,0.4,0.6425714285714287,3,0.08775668998188493,21.061605595652384,18.625560116443243,1.328,2.63856
PET_LOW_BULK,PET,low-bulk-density flakes,corner_13,205,3.5,0.55,0.65,0.39,8.0,20.0,0.4,0.6425714285714287,3,0.1713344899646325,205.60138795755898,181.82094399385068,1.52,2.9304
PET_LOW_BULK,PET,low-bulk-density flakes,corner_14,105,7.5,0.55,0.65,0.57,8.0,4.0,0.4,0.6925714285714285,3,0.0903003621552729,21.672086917265496,18.97038264191084,1.728,3.24656
PET_LOW_BULK,PET,low-bulk-density flakes,corner_15,205,7.5,0.55,0.65,0.57,8.0,20.0,0.4,0.6925714285714285,3,0.17630070706505663,211.56084847806795,185.18706864722492,1.92,3.5384
PET_LOW_BULK,PET,low-bulk-density flakes,corner_16,105,3.5,0.37,0.45,0.39,20.0,4.0,0.05,0.028000000000000025,1,0.12718360866939846,30.52406608065563,30.370224787609125,0.348,1.14896
PET_LOW_BULK,PET,low-bulk-density flakes,corner_17,205,3.5,0.37,0.45,0.39,20.0,20.0,0.05,0.028000000000000025,1,0.2483108550212065,297.9730260254478,296.4712419742795,0.54,1.4408
PET_LOW_BULK,PET,low-bulk-density flakes,corner_18,105,7.5,0.37,0.45,0.57,20.0,4.0,0.05,0.07800000000000004,1,0.1297272808427864,31.134547402268737,30.697418356740883,0.748,1.7569599999999999
PET_LOW_BULK,PET,low-bulk-density flakes,corner_19,205,7.5,0.37,0.45,0.57,20.0,20.0,0.05,0.07800000000000004,1,0.25327707212163064,303.93248654595675,299.6652744348515,0.94,2.0488
PET_LOW_BULK,PET,low-bulk-density flakes,corner_20,105,3.5,0.55,0.45,0.39,20.0,4.0,0.4,0.264,1,0.10429055910890674,25.029734186137617,23.840321217612356,0.8780000000000001,1.9545600000000003
PET_LOW_BULK,PET,low-bulk-density flakes,corner_21,205,3.5,0.55,0.45,0.39,20.0,20.0,0.4,0.264,1,0.20361490111738934,244.3378813408672,232.72694521954918,1.07,2.2464
PET_LOW_BULK,PET,low-bulk-density flakes,corner_22,105,7.5,0.55,0.45,0.57,20.0,4.0,0.4,0.31400000000000006,2,0.1068342312822947,25.640215507750728,24.191030527252657,1.278,2.56256
PET_LOW_BULK,PET,low-bulk-density flakes,corner_23,205,7.5,0.55,0.45,0.57,20.0,20.0,0.4,0.31400000000000006,2,0.20858111821781347,250.29734186137617,236.15053609937118,1.47,2.8544
PET_LOW_BULK,PET,low-bulk-density flakes,corner_24,105,3.5,0.37,0.65,0.39,20.0,4.0,0.05,0.21800000000000005,1,0.11064973954237664,26.555937490170393,25.513882503056106,0.798,1.83296
PET_LOW_BULK,PET,low-bulk-density flakes,corner_25,205,3.5,0.37,0.65,0.39,20.0,20.0,0.05,0.21800000000000005,1,0.21603044386844963,259.23653264213954,249.06409110126197,0.99,2.1248
PET_LOW_BULK,PET,low-bulk-density flakes,corner_26,105,7.5,0.37,0.65,0.57,20.0,4.0,0.05,0.268,1,0.11319341171576462,27.166418811783508,25.855910768303072,1.198,2.44096
PET_LOW_BULK,PET,low-bulk-density flakes,corner_27,205,7.5,0.37,0.65,0.57,20.0,20.0,0.05,0.268,1,0.2209966609688738,265.19599316264856,252.4029384524824,1.39,2.7328
PET_LOW_BULK,PET,low-bulk-density flakes,corner_28,105,3.5,0.55,0.65,0.39,20.0,4.0,0.4,0.4540000000000002,2,0.08775668998188493,21.061605595652384,19.34045118637567,1.328,2.63856
PET_LOW_BULK,PET,low-bulk-density flakes,corner_29,205,3.5,0.55,0.65,0.39,20.0,20.0,0.4,0.4540000000000002,2,0.1713344899646325,205.60138795755898,188.79964253366725,1.52,2.9304
PET_LOW_BULK,PET,low-bulk-density flakes,corner_30,105,7.5,0.55,0.65,0.57,20.0,4.0,0.4,0.504,2,0.0903003621552729,21.672086917265496,19.70599519213117,1.728,3.24656
PET_LOW_BULK,PET,low-bulk-density flakes,corner_31,205,7.5,0.55,0.65,0.57,20.0,20.0,0.4,0.504,2,0.17630070706505663,211.56084847806795,192.36804830413763,1.92,3.5384
