Part ID,Description,Primary channel,Alternate channel,AliExpress policy,Required qualification,Evidence state
SHR-BRG-001,6004-2RS candidate bearings 20x42x12,Korean bearing specialist,AliExpress sample; authorized bearing distributor,SAMPLE_ONLY,6004-2RS 20x42x12; C/C0; seal; fit; shock coupon,CANDIDATE_EVIDENCE_RECORDED
GRN-BRG-001,6203-2RS candidate bearings 17x40x12,DigiKey or Korean bearing specialist,AliExpress sample,SAMPLE_ONLY,6203-2RS 17x40x12; C/C0; seal; fit; shock coupon,CANDIDATE_EVIDENCE_RECORDED
DRY-INS-001,40 mm high-temperature insulation and ventilated metal shield,Industrial insulation supplier,DeviceMart industrial catalog,FORBIDDEN,continuous temperature; noncombustibility; fiber containment; 40 mm installed thickness,SEARCH_REQUIRED
DRY-PET-HTR,One 24 V up-to-240 W heater branch for PLA and PET recipes with independent 184 C fuse,Authorized industrial air-heater supplier,DeviceMart industrial catalog,FORBIDDEN,24 V 240 W; 160 C duty; 170 C trip; 184 C fuse; metal airflow path,SEARCH_REQUIRED
DRY-AIR-001,Closed-loop blower and dual desiccant cartridge set,Dryer/blower specialist,DeviceMart blower and desiccant catalog,FORBIDDEN,3 m3/h operating point; 160 C isolation; desiccant regeneration; leak test,SEARCH_REQUIRED
DRY-SEN-001,Three high-temperature sensors plus humidity and external dew-point port,Authorized sensor distributor,DigiKey; DeviceMart,FORBIDDEN,three traceable temperature channels; humidity limit; external dew-point port,CANDIDATE_EVIDENCE_RECORDED
EXT-THR-001,51102 thrust bearing radial bearings and 12 mm metal support plate,Bearing specialist,MISUMI,FORBIDDEN,51102 C0/C; radial bearing set; 5.09 kN proof; temperature derating,CANDIDATE_EVIDENCE_RECORDED
EXT-HTR-001,Two 100 W barrel heaters and one 60 W die heater,Authorized cartridge-heater supplier,DeviceMart industrial catalog,FORBIDDEN,24 V; 2x100 W + 60 W; watt density; sheath; lead temperature; clamp fit,SEARCH_REQUIRED
EXT-SEN-001,Three hot-zone sensors melt pressure sensor and cool-bearing sensor,Industrial pressure/temperature specialist,DigiKey; DeviceMart for temperature only,FORBIDDEN,three hot-zone sensors; calibrated melt pressure 0-20 MPa; cool-bearing channel,CANDIDATE_EVIDENCE_RECORDED
EXT-REL-001,Qualified guarded melt-pressure rupture element below 20 MPa proof,Extrusion rupture-disk specialist,OEM quotation,FORBIDDEN,polymer melt service; burst tolerance below 20 MPa proof; guarded discharge; certificate,SEARCH_REQUIRED
GAU-SEN-001,Dual-axis LED photodiode shadow sensor heads for Arduino,Authorized optoelectronics distributor,DeviceMart sensor catalog,SAMPLE_ONLY,two linear shadow heads; Arduino-level output; linearity; drift; final U95 <=0.020 mm,SEARCH_REQUIRED
GAU-OPT-001,Two LED backlights apertures and opaque sensor enclosure,Authorized optoelectronics distributor,Local optical fixture supplier,SAMPLE_ONLY,two LED backlights; aperture edge; ambient rejection; combined U95,SEARCH_REQUIRED
SAF-EST-001,One latching mushroom E-stop with NC cutoff contact and auxiliary monitor contact,DigiKey or authorized safety distributor,Korean industrial automation supplier,FORBIDDEN,2NC positive-opening channels; latching reset; 24 VDC rating; enclosure/IP; safety validation,CANDIDATE_EVIDENCE_RECORDED
SAF-CON-001,One common 24 VDC actuator contactor for both towers,Authorized contactor distributor,Korean industrial automation supplier,FORBIDDEN,24 VDC coil; positively guided/mirror auxiliary; DC utilization; branch current; suppression,CANDIDATE_EVIDENCE_RECORDED
SAF-FUS-HLD,Ten touch-safe DIN branch fuse holders without fuse links,DigiKey or authorized circuit-protection distributor,Korean industrial panel supplier,FORBIDDEN,Class CC; 600 VDC holder rating; finger-safe; terminal conductor range; stock; exact fuse link coordination,CANDIDATE_EVIDENCE_RECORDED
SAF-FUS-001,Main fuse holder plus ten branch fuse links with ratings pending measured currents,Authorized circuit-protection distributor,DigiKey; DeviceMart,FORBIDDEN,DC voltage; branch current; interrupt rating; fuse coordination; touch-safe holder,SEARCH_REQUIRED
SAF-THM-001,Independent one-shot thermal fuses for three extruder and one dryer heater branches,DigiKey or authorized thermal-protection distributor,DeviceMart industrial catalog,FORBIDDEN,one-shot; zone-specific Tf/Th; current and DC interruption; mounting derating; approvals,CANDIDATE_EVIDENCE_RECORDED
ELE-HTR-DRV,Four default-off isolated DC heater SSR channels,Authorized power-semiconductor/SSR distributor,DigiKey; DeviceMart,FORBIDDEN,24 VDC load output; worst-case SOA/Rds(on); isolation; default OFF; heat sink; welded-on test,CANDIDATE_EVIDENCE_RECORDED
ELE-HTR-HS,Two two-SSR DIN or panel heat-sink zones for four heater drivers,DigiKey or authorized Sensata distributor,Korean industrial thermal supplier,FORBIDDEN,three-SSR mounting; thermal resistance; interface material; orientation; enclosure ambient rise,CANDIDATE_EVIDENCE_RECORDED
ELE-SEN-IF,Six-channel 24 V diagnostic isolation and six-channel default-OFF logic interface assembly,PCB assembly plus authorized components,DigiKey component order,FORBIDDEN,native PCB BOM MPN completion; keyed connectors; lifecycle; calibration; no safety credit,SEARCH_REQUIRED
ELE-PCB-IF,PPR isolated monitor interface bare PCB 190 x 130 mm two layer,JLCPCB/PCBWay prototype quotation,Local PCB fabricator,FORBIDDEN,current fabrication HOLD closure; stackup; finish; electrical test; impedance not claimed,SEARCH_REQUIRED
MISC-WIR-001,Keyed connectors cable duct ferrules wire labels PE lugs and moving cable protection,DeviceMart and authorized connector distributor,DigiKey; local panel shop,FORBIDDEN,wire gauge; temperature; keyed mating pairs; ferrules; PE lugs; cable-chain rating,SEARCH_REQUIRED
CTL-ENC-001,Grounded 500 by 400 by 210 mm industrial enclosure with 450 by 370 mm mounting plate,DigiKey or authorized nVent HOFFMAN distributor,Korean certified enclosure supplier,FORBIDDEN,500x400x210 mm; mounting plate; IP/Type/IK; PE provisions; SCCR; gland and thermal-rise review,CANDIDATE_EVIDENCE_RECORDED
